le_1990,le_1991,le_1992,le_1993,le_1994,le_1995,le_1996,le_1997,le_1998,le_1999,le_2000,le_2001,le_2002,le_2003,le_2004,le_2005,le_2006,le_2007,le_2008,le_2009,le_2010,le_2011,le_2012,le_2013,le_2014,le_2015,le_2016,le_2017,le_2018,le_2019,le_2020,le_2021,le_2022,eys_1990,eys_1991,eys_1992,eys_1993,eys_1994,eys_1995,eys_1996,eys_1997,eys_1998,eys_1999,eys_2000,eys_2001,eys_2002,eys_2003,eys_2004,eys_2005,eys_2006,eys_2007,eys_2008,eys_2009,eys_2010,eys_2011,eys_2012,eys_2013,eys_2014,eys_2015,eys_2016,eys_2017,eys_2018,eys_2019,eys_2020,eys_2021,eys_2022,mys_1990,mys_1991,mys_1992,mys_1993,mys_1994,mys_1995,mys_1996,mys_1997,mys_1998,mys_1999,mys_2000,mys_2001,mys_2002,mys_2003,mys_2004,mys_2005,mys_2006,mys_2007,mys_2008,mys_2009,mys_2010,mys_2011,mys_2012,mys_2013,mys_2014,mys_2015,mys_2016,mys_2017,mys_2018,mys_2019,mys_2020,mys_2021,mys_2022,gnipc_1990,gnipc_1991,gnipc_1992,gnipc_1993,gnipc_1994,gnipc_1995,gnipc_1996,gnipc_1997,gnipc_1998,gnipc_1999,gnipc_2000,gnipc_2001,gnipc_2002,gnipc_2003,gnipc_2004,gnipc_2005,gnipc_2006,gnipc_2007,gnipc_2008,gnipc_2009,gnipc_2010,gnipc_2011,gnipc_2012,gnipc_2013,gnipc_2014,gnipc_2015,gnipc_2016,gnipc_2017,gnipc_2018,gnipc_2019,gnipc_2020,gnipc_2021,gnipc_2022
45.967,46.663,47.596,51.466,51.495,52.544,53.243,53.634,52.943,54.846,55.298,55.798,56.454,57.344,57.944,58.361,58.684,59.111,59.852,60.364,60.851,61.419,61.923,62.417,62.545,62.659,63.136,63.016,63.081,63.565,62.575,61.982,62.879,2.936460018,3.228456167,3.520452316,3.812448465,4.104444614,4.396440763,4.688436912,4.980433061,5.272429209,5.564425358,5.856421507,6.148417656,6.440413805,6.732409954,7.600430012,7.858029938,8.115629864,8.37322979,8.630829716,8.888429642,9.180809975,9.473190308,9.803686778,10.13418325,10.46467972,10.48297477,10.50126982,10.51956487,10.53785992,10.62129205,10.70538475,10.70538475,10.70538475,0.871961963,0.915267456,0.95857295,1.001878443,1.045183937,1.08848943,1.123601992,1.158714555,1.193827117,1.228939679,1.264052241,1.315550666,1.367049091,1.418547515,1.47004594,1.521544365,1.595280745,1.669017126,1.742753507,1.816489888,1.890226268,1.937043018,1.983859768,2.030676517,2.077493267,2.124310017,2.267770012,2.411230008,2.554690003,2.698149999,2.8416099950000002,2.98506999,2.514790058,8.044199640165177,7.943535939519397,7.813867175838036,7.451833706572422,7.091750840514657,7.297810061617999,7.291898576939985,7.199472308036701,7.1125666703729,7.023155540307389,6.954011460088489,6.888708591175692,7.218352682179521,7.289895796114843,7.281842038424382,7.3187223010984095,7.363831230594546,7.546909518596288,7.516964577977316,7.57745886847447,7.604291166882254,7.62998166718487,7.6844853265273745,7.716108610770736,7.706205426093991,7.66981693735633,7.660285476062039,7.660904052963685,7.641138906182634,7.655857572256904,7.594282481761693,7.335722229011149,7.196840666077173
73.144,73.378,73.715,73.939,74.131,74.362,74.592,73.904,74.99,75.183,75.404,75.639,75.89,76.142,76.376,76.621,76.816,77.549,77.653,77.781,77.936,78.092,78.064,78.123,78.407,78.644,78.86,79.047,79.184,79.282,76.989,76.463,76.833,11.57933998,11.78129959,10.65800953,10.07353973,9.992659569,10.05914021,10.16149998,10.36505985,10.54819012,10.63376045,10.70049,10.91763973,11.02056026,11.37574959,11.50094032,12.2344799,12.55426025,12.9734602,13.17510033,13.36019993,14.1717701,15.00177956,15.76570988,15.99631023,16.24332047,15.91224003,15.44941998,15.32594013,15.10783005,15.1776104,14.75971985,14.57174969,14.48746967,7.354632085,7.352753507,7.350874929,7.348996351,7.347117774,7.345239196,7.627025866,7.908812536,8.190599206,8.472385876,8.754172545,8.823679924,8.888405664,8.953131403,9.017857143,9.082582882,9.147308622,9.212034362,9.276760101,9.451739947,9.626719793,9.801699638,10.02511024,10.01542816,10.00574608,9.996063995,9.986381912,9.976699829,10.02484799,10.07299615,10.12114431,10.12114431,10.12114431,8.510001884439898,8.16101308902323,8.063735888606303,8.18755372595655,8.281684763623302,8.424988657736762,8.520408876155575,8.410978386290386,8.507665945192144,8.629736711954898,8.710320604416301,8.801670979929145,8.842249850853557,8.901305768283393,8.956304200710948,9.011643341144897,9.08415215792961,9.14840706243265,9.20657611433974,9.22553255316662,9.272661683482614,9.310785489031607,9.318858156112288,9.354697494234985,9.366628634117065,9.394017730089349,9.432251691604668,9.457370430772643,9.49572478407691,9.509108649733404,9.478008063763621,9.574968240308994,9.635171836411192
67.416,67.688,67.757,67.719,67.361,67.454,68.749,69.171,69.451,70.032,70.478,70.823,71.23,71.287,71.762,72.061,72.334,72.602,72.941,73.62,73.808,74.123,74.202,74.615,75.11,75.622,75.732,75.743,76.066,76.474,74.453,76.377,77.129,9.797889709,9.823940277,9.909230232,9.915590286,9.986069679,9.958029747,10.12388992,10.41034667,10.69680341,10.98326015,11.22196007,11.46065998,11.86806965,12.13883018,12.47397995,12.72078991,12.81142044,12.98950005,13.43463516,13.87977028,14.23808002,14.46667957,14.55951595,14.65235233,14.74518871,14.83802509,14.93086147,15.02369785,15.11653423,15.20937061,15.30220699,15.39504337,15.48787975,4.614607921,4.830320362,5.046032803,5.261745244,5.477457686,5.693170127,5.876116121,6.059062116,6.2420081100000004,6.424954105,6.607900099,6.695277291,6.782654482,6.870031674,6.957408865,7.044786056,7.268690109,7.327584982,7.386479855,7.353188038,7.319896221,7.286604404,7.253312588,7.220020771,7.186728954,7.153437138,7.120145321,7.086853504,7.053561687,7.020269871,6.987443608,6.987443608,6.987443608,9.058675618322429,9.009127666864448,9.012901922219674,8.976847655946402,8.942638936074033,8.953882810530985,8.97495462673963,8.974756380910671,9.01377970921304,9.027361063310886,9.043063056826218,9.073941428999094,9.107921343455708,9.164455499252464,9.187455613519802,9.220908094382176,9.230042394211843,9.270450240153222,9.282106934024501,9.27876258493519,9.301579964533836,9.303899912122901,9.315009293638004,9.316343071589746,9.331647793238501,9.347931764759824,9.373192173016077,9.361624557617448,9.344703731670107,9.337283266409013,9.27189481831296,9.289439692954236,9.30368550506751
71.784,72.319,72.43,72.565,73.172,73.133,73.307,73.09,73.474,73.722,73.926,74.186,74.408,74.08,74.855,75.139,75.433,75.006,75.641,75.936,75.721,76.124,76.467,76.491,76.755,76.76,76.308,76.833,76.999,77.284,75.892,75.39,76.064,13.39248967,13.35243988,13.31250985,13.27257983,13.2326498,13.45425487,13.67585993,13.89746499,14.11907005,15.17325974,15.68756962,16.30578041,16.39250946,16.26638985,16.29898071,16.01845932,16.17373085,16.18906021,16.381809230000002,16.7100296,17.02877998,17.26371956,17.23535919,17.2339592,17.42231941,17.58465958,17.85773087,17.84296989,17.85782051,18.08637047,18.36116028,18.97950935,18.97950935,8.126089428,8.192950249,8.260361195,8.327772141,8.395183086,8.462594032,8.530004978,8.597415924,8.66482687,8.732237816,8.799648762,8.867059708,9.391139984,9.915220261,10.00709343,10.0989666,10.19083977,10.29859972,10.40635967,10.54321003,10.59963989,10.69979,10.78507042,10.89459991,10.90851021,10.91755009,10.92819023,11.01644516,11.10470009,11.12439013,11.14408016,11.14408016,11.14408016,9.516992110202114,9.601763711610293,9.675390825098507,9.746982494584504,9.788571939204655,9.742891507228654,9.781860751946194,9.846867247948246,9.869647415526252,9.822295611371683,9.802612783633576,9.744385015811128,9.59203506776989,9.67884921458482,9.679332741946574,9.752152176270194,9.90520838854816,9.988105721879132,10.018966763090923,9.941713553819861,10.031579189292673,10.083407648964295,10.067119846738338,10.082198475914618,10.046982403712304,10.065048479395879,10.029788183158612,10.043024532652653,9.995290325848021,9.962014502836055,9.861785757041973,9.956718982050813,10.000975872560725
68.821,68.643,68.627,68.841,69.073,69.311,69.783,69.91,70.514,70.257,70.624,70.932,71.018,71.436,71.421,71.792,71.987,72.327,72.398,72.813,73.16,73.305,73.454,73.676,74.058,74.436,74.664,74.906,75.064,75.439,72.173,72.043,73.372,11.20504035,10.74901009,10.31153965,10.7276001,10.47511005,10.17511988,9.8751297,10.15093994,10.73042965,10.87100983,10.72482014,10.50561047,10.54656029,10.58751011,10.62845993,10.88076973,11.33533955,11.92838955,11.69701958,12.23157978,12.42601967,12.55574036,12.67855024,12.80136013,13.07810974,13.13249016,13.36215019,13.59181023,13.82147026,13.99892044,14.07796955,14.43037987,14.40561008,9.781759786,9.851629499,9.921499211,9.991368924,10.06123864,10.13110835,10.20291889,10.27472943,10.34653996,10.4183505,10.49016104,10.48822021,10.55885315,10.62948608,10.70011902,10.77075195,10.84138489,10.91201782,10.98265076,11.05328369,11.12391663,11.19454956,11.28896475,11.38337994,11.47779512,11.572210310000001,11.68974018,11.18758965,11.23515987,11.2827301,11.33030033,11.33030033,11.33030033,8.55319582884454,8.40960702483384,7.878781186469072,7.820462297820801,7.893266351776777,8.006118638003166,8.071709687378464,8.144510404328733,8.195591731819379,8.237625964099644,8.305962493946556,8.407676085984665,8.545645984974051,8.683124666650706,8.796412690639931,8.933224671344439,9.068949944623851,9.212030613712466,9.291281188844279,9.125481882551055,9.16086371923238,9.199538229041092,9.279717194944329,9.335801582856472,9.359465857494973,9.389862718801593,9.380442562134538,9.468831727172327,9.507404653286825,9.583408886425522,9.486580909487436,9.533429265566904,9.641362743796826
77.044,77.483,77.477,78.01,77.856,78.262,78.349,78.632,79.028,79.285,79.631,80.016,80.064,80.455,80.751,81.113,81.282,81.26,81.459,81.766,82.055,82.134,82.346,82.604,82.568,82.655,82.871,83.001,83.387,83.11,84.324,84.526,83.579,17.4329358,17.43243413,17.43193246,17.43143082,17.43092918,18.97002983,19.51165962,20.28628922,20.45081096,20.61533271,20.77985446,20.9443762,21.10889795,21.2734197,21.43794145,21.60246319,21.76698494,21.93150669,22.09602843,22.26055018,22.42507193,22.58959368,22.75411542,22.91863717,23.08315892,23.24768066,22.85634995,21.95104027,20.42849922,21.37561989,20.93943977,21.0800209,21.0800209,11.22770758,11.249762,11.27181643,11.29387086,11.31592528,11.33797971,11.32795497,11.31793023,11.30790549,11.29788075,11.28785601,11.34399455,11.40013309,11.45627163,11.51241016,11.54751968,11.6446104,11.7118597,11.9376297,11.98707962,12.03444004,12.11583996,12.29574013,12.01885986,12.16699982,12.2456398,12.35210991,12.42234039,12.55362034,12.65668964,12.72681999,12.72681999,12.72681999,10.273807033013142,10.266746541303966,10.307752069222751,10.341914956012394,10.357406550819645,10.383283709652618,10.411968566451314,10.448367604271624,10.486707927788183,10.516771276564425,10.526360545627863,10.554391760454022,10.572232610103264,10.601802600138532,10.61256050287641,10.62541754987274,10.642040553257022,10.663362612557464,10.668079439743824,10.666787131971235,10.672634078617843,10.705729647872577,10.720366539234925,10.727871167254287,10.739734548569551,10.748559162952509,10.751775583471206,10.759741918200087,10.763353004726508,10.759061625046023,10.780508653308539,10.78053159531963,10.804809513263914
75.74,75.793,75.993,76.226,76.543,76.777,77.027,77.429,77.783,77.956,78.236,78.719,78.847,78.85,79.363,79.521,79.966,80.167,80.364,80.207,80.464,80.829,80.841,81.078,81.39,81.159,81.593,81.639,81.686,81.908,81.504,81.58,82.412,13.84039021,13.9349699,14.23005962,14.41880989,14.620759960000001,14.82771015,14.96805954,15.00072956,15.08288002,15.15789445,15.23290888,15.30792332,15.38293775,15.45795218,15.53296661,15.60798105,15.68299548,15.75800991,15.86114979,15.86686993,16.12933922,16.17313004,16.30450058,16.03704071,16.02224922,16.03313065,15.89675999,15.94421005,16.02190971,16.07625008,16.12446976,16.36746025,16.36746025,10.20033055,10.29016018,10.3807809,10.47140162,10.56202235,10.65264307,10.74326379,10.83388451,10.92450523,11.01512596,11.10574668,11.1963674,11.28698812,11.37760884,11.46822957,11.55885029,11.54505491,11.53125954,11.46809959,11.67436981,11.71487999,11.71115017,11.75162983,11.78754044,12.01449966,12.07699013,12.11466026,12.15911961,12.20790482,12.25669003,12.30571367,12.30571367,12.30571367,10.539708242271669,10.558680536052561,10.566395567637455,10.564122229866449,10.58197848863528,10.603220723272761,10.62849117311412,10.643894034187573,10.676489003785708,10.699406350647294,10.737628188803823,10.741284497539331,10.760826906664885,10.768701099301019,10.790641320108604,10.805274068986511,10.83879954436163,10.868769194143262,10.889513747521146,10.839726933593768,10.864323167253986,10.884749140077812,10.884624789053564,10.88065059282045,10.87807020057146,10.865751843192095,10.884455992985833,10.890516796073799,10.909208416751323,10.926783555615827,10.867539990564696,10.903397498782928,10.942520793345212
70.133,69.616,70.668,70.656,70.851,70.763,70.71,71.054,71.456,71.771,72.041,72.11,72.232,72.402,72.478,72.765,72.855,72.678,72.667,72.579,72.731,72.564,72.753,73.024,73.366,73.104,73.537,73.632,73.806,71.205,72.677,71.598,74.358,11.29223459,11.30924636,11.32628377,11.34334683,11.36043561,11.37755013,11.39469043,11.41185655,11.42904853,11.44626642,11.46351024,11.48078004,11.49807586,11.51539773,11.5327457,11.5501198,11.56752008,11.58494657,11.60239931,11.61987835,11.63738372,11.65491546,11.67247361,11.69005822,11.70764282,11.72522743,11.74281203,11.76039663,11.80405766,11.84771869,11.89137971,11.89137971,11.89137971,10.01280022,10.11538124,10.21796227,10.32054329,10.42312431,10.52570534,10.62828636,10.73086739,10.83344841,10.93602943,11.03861046,11.1210104,11.20341034,11.28581028,11.36821022,11.45061016,11.5330101,11.61541004,11.69780998,11.78020992,11.86260986,11.94677192,12.03153108,12.11689158,12.20285769,12.28943371,12.37662396,12.46443281,12.55286464,12.64192386,12.73161494,12.73161494,12.73161494,10.435073126688875,10.371456468468487,10.337295547260926,10.306158737607015,10.31666719793309,10.477356098776864,10.56507630571109,10.422826481564064,10.356060825649067,10.468286194819665,10.493386603113159,10.499240097071574,10.514379560684766,10.492502822116556,10.490221060007036,10.506554491591466,10.515381982887103,10.514704728222037,10.492297451533418,10.427909117202637,10.422013808380596,10.41597437105377,10.433453311551837,10.38894060497219,10.389658592951127,10.393380294921368,10.374592310629415,10.396768768390142,10.381754146144452,10.382570605968763,10.11249235109149,10.246307261264839,10.390068264558765
72.668,72.764,72.953,73.375,73.517,73.799,74.355,74.535,74.641,74.98,75.496,75.908,76.088,76.337,76.56,76.931,77.156,77.634,78.084,78.461,78.748,78.89,79.081,79.246,79.328,79.405,79.557,79.689,79.857,80.019,79.174,78.76,79.246,13.29489804,12.49958038,11.75183964,11.5489397,11.29162979,11.17031956,11.00928974,11.06060664,11.11192354,11.16324043,11.61752534,12.07181025,12.52609515,12.98038006,12.56597996,12.15157986,12.40688992,12.65253201,12.8981741,13.14381618,13.38945827,13.63510036,14.04588032,14.66265011,14.44705963,16.06879997,16.04701996,16.06158066,16.06510925,16.43700027,16.39122709,16.3454539,16.29968071,5.108272499,5.387740135,5.68249712,5.977254105,6.272011089,6.566768074,6.861525059,7.156282043,7.451039028,7.745796013,8.040552998,8.335309982,8.301632245,8.267954508,8.234276772,8.200599035,8.166921298,8.133243561,8.099565824,8.065888087,8.03221035,8.247186979,8.462163607,8.677140236,8.892116865,9.107093493,9.322070122,9.586489677,10.54808998,10.79733992,11.04658985,11.04658985,11.04658985,10.574827897505546,10.560968885534265,10.655290124308857,10.697362633919811,10.636666383456648,10.652933538870517,10.658367654874091,10.621041373336835,10.6481521214352,10.664344579091049,10.715966618664925,10.705421002054667,10.702227752372838,10.730136753414234,10.730137823132582,10.729075592273842,10.721078260350565,10.737175210377748,10.70868753762575,10.608930051918485,10.627243980756692,10.591980227923527,10.737001423226616,10.754410584398904,10.746846960749515,10.731277228654548,10.73314274718404,10.740412313082375,10.741263788359632,10.75485854651217,10.709528846535042,10.752725731287567,10.79407980172216
55.989,54.154,57.635,57.927,58.617,59.467,59.492,61.427,63.917,66.228,65.779,66.135,66.612,66.824,67.187,67.299,67.241,66.714,67.051,67.403,68.638,68.809,69.554,69.565,69.986,70.491,71.09,71.788,72.567,72.806,71.968,72.381,73.698,5.540100098,5.742722766,5.945345434,6.147968102,6.350590769,6.553213437,6.755836105,6.958458773,7.161081441,7.363704109,7.566326777,7.768949445,7.971572113,8.174194781,8.376817449,8.579440117,8.65802002,8.669939995,8.411370277,8.948829651,9.195212245,9.441594839,9.687977433,9.934360027,10.18074262,10.42712522,10.67350781,10.9198904,11.39918995,11.67276001,11.94633007,11.94633007,11.94633007,3.294752292,3.399163456,3.50357462,3.607985785,3.712396949,3.816808113,3.909618037,4.00242796,4.095237884,4.188047808,4.280857732,4.396870136,4.477070141,4.557270145,4.63747015,4.717670155,4.797870159,4.878070164,4.958270168,5.038470173,5.118670177,5.198870182,5.302340031,5.064770222,5.194399834,5.98582983,6.113890171,6.270249844,6.385879993,6.549980164,7.379059792,7.379059792,7.379059792,7.47968835612382,7.494797770389168,7.531998783362826,7.561483371113727,7.584956882365412,7.6150406447228685,7.636857654864052,7.6645042437973725,7.696216622065749,7.724584088242664,7.7589685579610865,7.787458289551703,7.815505223545711,7.844475861406834,7.8826091232451185,7.931784386243517,7.996611172430348,8.061470511847993,8.121674846333095,8.1640876162661975,8.208888485939458,8.257252223332879,8.312290727505625,8.354081579728833,8.387474614249586,8.43717014639939,8.477409739923432,8.516706125819045,8.581366837119862,8.646342591971894,8.669536675992273,8.735612413600789,8.781267097920272
72.752,72.843,72.915,73.19,73.211,73.298,73.546,73.547,73.728,74.039,74.089,74.247,74.366,74.472,74.727,74.89,75.068,75.342,75.447,75.678,75.712,75.917,76.099,76.275,76.476,76.65,76.815,76.936,77.067,77.257,77.393,77.571,77.706,12.94987011,13.08701791,13.2241657,13.3613135,13.4984613,13.6356091,13.77275689,13.90990469,14.04705249,14.18420029,14.2673502,14.36353016,14.53754012,14.71155008,14.88556004,15.05956999,15.23357995,15.40758991,15.694345,15.98110008,15.7196703,15.68015003,15.77245143,15.86529616,15.95868743,16.05262844,16.14712244,16.24217267,16.33778243,16.43395498,16.53069367,16.53069367,16.53069367,8.369409254,8.499922319,8.630435384,8.760948449,8.891461514,9.021974579,9.015759671,9.009544763,9.003329855,8.997114948,8.99090004,9.096553473,9.202206907,9.307860341,9.413513774,9.519167208,9.546098475,9.573029743,9.59996101,9.626892278,9.653823545,9.662110089,9.670396633,9.678683176,9.68696972,9.695256264,9.734617347,9.77397843,9.813339513,9.852700596,9.89206168,9.89206168,9.89206168,9.525630240811205,9.486554346448775,9.414152117444397,9.411823225457798,9.446697187161185,9.45976949318203,9.495567844611173,9.545758950837826,9.511733757279822,9.51142840217454,9.615907106920165,9.584691075186814,9.5846797364244,9.606124354852094,9.612312309394833,9.645263286934767,9.681066863643913,9.720796191372965,9.711616565323686,9.664572208423607,9.656538655300285,9.60523277280181,9.626815929341431,9.605438692144963,9.601845057269248,9.620980074083395,9.643176696481813,9.64674778374597,9.630337011426628,9.625886100139278,9.518344120818382,9.509318665946003,9.603073965876996
76.055,76.196,76.355,76.361,76.714,76.838,77.183,77.4,77.474,77.646,77.766,78.081,78.167,78.32,78.96,79.053,79.388,79.526,79.577,79.847,80.033,80.365,80.261,80.468,81.081,80.89,81.266,81.362,81.479,81.831,80.788,81.879,82.293,14.09537029,14.17916965,15.44893503,16.71870041,17.01412964,17.4025898,17.6801796,17.6545728,17.62896601,17.60335922,17.77131081,18.30985069,18.48284912,18.70292091,18.48070908,18.83530998,19.05407906,19.09911919,19.13726044,19.16604042,19.21767998,19.04887962,19.16010094,19.35095978,19.70776939,19.79195976,19.65690994,19.76102066,19.56148911,19.56838989,19.27527046,18.94573975,18.94573975,9.406848637,9.547434507,9.688020377,9.828606246,9.969192116,10.10977799,10.19661043,10.28344288,10.37027533,10.45710778,10.54394023,10.64110988,10.73827952,10.83544917,10.93261881,11.02978846,11.05253029,11.11720991,11.18188953,11.3167696,11.41578007,11.46986961,11.49960995,11.53950977,11.64029026,11.89404011,11.98532009,12.23692989,12.30630493,12.37567997,12.52857789,12.52857789,12.52857789,10.482214675098492,10.500301903588745,10.511261245759835,10.507418550489696,10.543383603662804,10.562464149027527,10.574857539476287,10.610694460040866,10.628001642202491,10.659357127401341,10.695626346735843,10.696047007566545,10.707122292698202,10.715029859386759,10.740419586182272,10.756394228141628,10.776813364422802,10.805112927021257,10.81149849919642,10.777887808433634,10.793574568433055,10.783732049441197,10.805968194176252,10.807288322360062,10.815023503534386,10.822876786092133,10.825956314620301,10.837710321871137,10.850558302605732,10.868386752645437,10.809546532303868,10.86474017140205,10.89012562427066
70.744,70.248,69.979,69.988,70.316,69.887,69.806,69.212,68.599,68.773,68.564,68.357,68.752,68.909,69.227,69.376,70.093,70.655,71.151,71.819,72.272,72.651,73.245,73.666,73.311,73.187,73.399,73.562,73.703,73.931,72.854,70.47,70.962,10.14398371,10.30649433,10.47160844,10.63936773,10.8098146,10.98299209,11.15894396,11.33771464,11.5193493,11.70389382,11.89139481,12.08189964,12.46581984,12.84974003,13.1324501,12.57670975,13.05266953,12.95250988,12.83240032,12.49421024,12.39898968,12.49100971,12.94052029,12.82242966,12.81070995,12.87318993,13.53081989,13.24899006,13.30014038,13.31602001,13.16993046,12.86993027,12.42656994,5.451236009,5.618259907,5.790401357,5.962542806,6.134684256,6.306825706,6.478967156,6.651108606,6.823250055,6.995391505,7.167532955,7.339674405,7.511815854,7.683957304,7.856098754,8.028240204,8.519836235,9.011432266,9.503028297,9.994624329,10.48622036,10.17366238,9.861104393,9.54854641,9.235988426,8.923430443,8.908264351,8.893098259,8.877932167,8.862766075,8.847599983,8.847599983,8.847599983,8.747218981859337,8.834093156210269,8.92137551243808,8.958037340716917,8.927477282352612,8.914754653438335,8.890759847614516,8.899832936594478,8.893453366689027,8.938420044159177,9.021232836784405,9.027016239050694,9.049688999742527,9.096302104639387,9.096096971164481,9.094733010248897,9.10947374189411,9.09647039298018,9.050937960616274,9.065030657768455,9.025622105406516,9.027620975494512,9.032440443878395,9.05973484012929,9.071542897966848,9.10527932513976,9.078506258501008,9.03452817104171,9.01243183905055,9.038060076158553,8.92269926201876,9.048977778840221,9.13152249195325
53.292,53.624,54.089,54.537,54.91,55.295,55.558,55.978,56.218,56.526,56.578,56.66,56.606,56.738,56.826,57.125,57.456,57.675,57.869,57.956,58.363,58.462,58.716,58.965,59.125,59.377,59.539,59.856,60.14,60.454,60.088,59.821,59.954,4.814975057,4.95554642,5.10022171,5.24912074,5.402366821,5.560086862,5.72241148,5.899514256,6.076617031,6.253719807,6.516719818,7.11894989,7.580840111,7.986030102,8.376919746,8.762456894,9.147994041,9.533531189,9.919068336,10.30460548,10.69014263,11.07567978,11.59101009,12.10634041,12.12549973,12.34691048,12.16425037,11.69883275,11.23341513,10.7679975,10.30257988,10.30257988,10.30257988,1.458545852,1.534742616,1.61492002,1.69928602,1.78365202,1.868018019,1.952384019,2.036750019,2.121116018,2.205482018,2.289848018,2.374214017,2.458580017,2.471358013,2.484136009,2.496914005,2.509692001,2.522469997,2.535247993,2.54802599,2.560803986,2.573581982,2.586359978,2.599137974,2.61191597,2.624693966,2.637471962,2.650249958,2.841894984,3.03354001,3.137261725,3.137261725,3.137261725,7.6347377593731585,7.649628772149238,7.6278107887890565,7.658578560386765,7.637421465310784,7.676886780323624,7.693955414639512,7.726928798952455,7.742988717297853,7.766532236706877,7.792886104743752,7.81427101850643,7.8269055991336876,7.8301871132277485,7.844303117998114,7.832831346930847,7.839362392730373,7.867183961989499,7.890132887921911,7.881427270797537,7.870819383048247,7.874816811507761,7.88815587488353,7.929021920442684,7.962332004032369,7.946863755866518,7.9495496980538185,7.972964198757465,8.00948202169937,8.0470907886525591,8.056185250091131,8.103053632308933,8.133315275262289
56.422,57.097,57.629,58.418,58.989,59.534,60.084,60.752,61.332,61.871,62.346,62.843,63.306,63.635,64.004,64.386,64.779,65.027,65.446,65.88,66.162,66.534,66.705,67.021,67.163,67.318,67.628,67.701,67.748,67.841,64.467,63.63,64.928,11.34760553,11.66413465,11.98949299,12.32392686,12.66768939,13.23278436,13.79787932,14.36297429,14.92806925,14.50795112,14.08783298,13.66771484,13.24759671,12.82747857,13.38159478,13.93571099,13.92763485,14.26336461,14.31380527,14.28142146,14.24979437,14.21816728,14.38624711,14.57401404,14.04903974,13.97757206,14.49550866,14.900595,15.01584739,14.9469708,14.79598497,15.02243817,15.02243817,5.993671061,6.101269806,6.210800171,6.322296831,6.433793492,6.545290152,6.656786813,6.768283473,6.879780134,6.991276794,7.102773454,7.214270115,7.152404118,7.09053812,7.028672123,6.966806126,6.904940128,7.052365065,7.199790001,7.481540203,7.712310155,7.943080107,8.17385006,8.425590197,8.677330335,8.929070473,9.162832737,9.396595001,9.630357265,9.86411953,9.827750206,9.827750206,9.827750206,8.345249680804088,8.382359451219434,8.389981298112396,8.411449677757373,8.442756784164382,8.468976326279506,8.495285260009766,8.528410008649722,8.56491368750422,8.546516202171833,8.550318198445822,8.550196039805735,8.556983390266367,8.554044147951444,8.569723537899238,8.600218943661805,8.633156611865425,8.657883188233013,8.705188803933495,8.715379156053542,8.729815109894574,8.767260244158761,8.77774568007022,8.825746151841116,8.877998226773661,8.931266258247962,8.973487089933348,8.9873239845763,9.019091833584548,9.030404844469,8.934860812837666,8.9673399804388,8.985675945592574
60.533,59.473,58.348,57.719,56.154,55.059,54.357,53.448,52.523,51.694,51.011,50.676,50.632,50.947,51.617,52.61,53.918,55.732,57.121,58.279,60.013,60.53,60.8,61.996,62.608,63.818,65.464,66.753,65.422,65.464,65.647,61.141,65.913,10.59220615,10.55210972,10.51216507,10.47222042,10.34175014,10.70094013,10.88468329,11.06842645,11.25216961,11.63829994,11.74394989,11.72593021,11.53738022,11.59051991,11.60266972,11.6691103,11.83510971,11.79946041,11.72972965,11.70634123,11.68295281,11.65956439,11.63617596,11.61278754,11.58939912,11.5660107,11.54262227,11.519233850000001,11.49584543,11.47245701,11.44906858,11.42568016,11.42568016,5.52,5.758,5.996,6.234,6.472,6.71,6.89,7.07,7.25,7.43,7.61,7.744,7.878,8.012,8.146,8.28,8.398,8.516,8.634,8.752,8.87,9.1,9.33,9.56,9.79,10.02,10.1,10.18,10.26,10.34,10.42,10.42,10.42,9.098878020144884,9.171185472081161,9.178411436000417,9.196974444811493,9.123682547315925,9.195940075921051,9.193597593827217,9.2680034994823135,9.287700848142332,9.30735620541687,9.297405980328598,9.306577343085829,9.276014633229213,9.329645791329334,9.328678757397336,9.367030420304944,9.448381665988768,9.500040296444535,9.4969225269905,9.35692172660524,9.406182074141045,9.48052233613423,9.481714823291245,9.550253336071304,9.570379889982213,9.490205187638868,9.478137148974866,9.502850315729706,9.513011036652639,9.569971599100468,9.492606702234596,9.554063747573709,9.605187869556275
65.985,66.31,66.708,67.109,67.568,67.919,68.409,68.813,69.189,69.524,69.737,70.195,70.41,70.72,71.131,71.753,72.037,72.365,72.715,72.948,73.182,73.343,73.552,73.918,74.306,74.332,74.442,74.827,75.109,75.338,74.009,72.75,73.425,12.92652101,12.97149303,13.0166215,13.06190699,13.10735002,13.15295115,13.19871093,13.24462991,13.29070864,13.33694769,13.3833476,13.42990894,13.47663227,13.52351815,13.57056715,13.61777984,13.66515678,13.71269855,13.76040572,13.80827886,13.85631856,13.90452539,13.95289993,15.24518967,15.36814022,15.24540043,15.29432011,15.40701962,15.50376034,15.44937038,15.44596004,15.5788002,15.5788002,3.685384501,3.831340323,3.977296144,4.123251966,4.269207788,4.41516361,4.5866617,4.758159791,4.929657882,5.101155972,5.272654063,5.449625497,5.626596931,5.803568365,5.980539799,6.150349855,6.320159912,6.501580238,6.671150208,6.768959999,6.878170013,7.006090164,7.215769768,7.287489891,7.379069805,7.506820202,7.731040001,7.851759911,7.982019901,8.128813955,8.278307638,8.278307638,8.278307638,9.223341084295512,9.220379776089933,9.201734933977058,9.228182593638206,9.254778456714345,9.305206451364333,9.31273331062981,9.328069086157182,9.312495656865634,9.29294354961619,9.32453179483952,9.321642476583593,9.337892174809328,9.339102778918976,9.38570486442167,9.406716820251871,9.438406085549827,9.490633312156282,9.527058934560129,9.518642304610127,9.572531928786299,9.607316017017363,9.618205582200254,9.65050929264047,9.642190382221102,9.597666970775439,9.553809472640022,9.561503965184277,9.561902332464365,9.567358071967348,9.533481453736613,9.570954546946451,9.589864732814517
71.656,71.871,72.081,72.312,72.553,72.816,73.1,73.364,73.619,73.863,74.08,74.276,74.426,74.561,74.65,74.731,74.783,74.818,74.84,74.846,74.849,74.858,74.827,74.799,74.779,74.75,74.733,74.722,74.712,74.748,74.795,74.642,74.551,12.60107709,12.40764402,12.21718025,12.0296402,11.76173973,11.65198731,11.5422349,11.43248248,11.32273006,11.57223034,11.53234005,11.63160038,11.85077953,12.22157955,12.60894012,12.88778973,13.25531006,13.42671967,13.53855038,13.80313015,13.87399006,14.1947403,14.74849987,14.74330044,14.63543034,14.33631992,14.21236992,14.06844997,13.94052982,13.76078033,13.69861984,13.69861984,13.69861984,7.51,7.62,7.73,7.84,7.95,8.06,8.106,8.152,8.198,8.244,8.29,8.328,8.366,8.404,8.442,8.48,8.538,8.596,8.654,8.712,8.77,8.82,8.87,8.92,8.97,9.02,9.06,9.1,9.14,9.18,9.22,9.22,9.22,11.164697621468209,11.16583867810398,11.18471208629981,11.161789715471345,11.167709628102108,11.187285974511727,11.192205212995262,11.154719770888217,11.127213000114944,11.135976161146992,11.14325033460331,11.150097210904054,11.168572346860037,11.178432403888351,11.16550316796577,11.15216408577367,11.178728624450738,11.169488652596572,11.134244972662596,11.101608236309003,11.100698922848874,11.098537910308282,11.09822133544035,11.080758947835458,11.055263452657893,11.087993184176694,11.068160432467655,11.062683071418954,11.005917854307343,11.055161176319567,11.057571847932799,11.01397993708039,10.989447382865636
71.357,71.227,71.215,71.226,70.901,71.002,70.874,70.351,70.912,71.596,71.609,71.915,72.162,72.408,72.609,72.592,72.722,73.037,73.365,73.705,73.835,74.189,74.357,74.849,74.482,74.632,74.834,74.799,74.898,75.062,73.645,71.798,71.528,12.29901028,12.35459995,12.12901974,12.01152039,11.88076019,12.17436981,12.5159502,12.61157036,12.7276001,12.89875984,12.80523014,12.79557037,13.19983006,13.66489029,13.87141991,14.02011013,14.08423996,14.25047016,14.18344975,14.2339201,14.48367023,14.58668041,14.56939983,14.95895958,15.17376041,15.07861996,14.82929993,14.64519978,14.4972496,14.25417042,14.03666973,13.86802959,13.86802959,6.81489869,7.088468488,7.373020172,7.668994586,7.964968999,8.260943413,8.556917826,8.85289224,9.148866653,9.444841067,9.740815481,10.03678989,10.11271992,10.18864994,10.26457996,10.34050999,10.41644001,10.542409899999999,10.58646965,10.64169025,10.72171974,10.78184986,10.89634037,11.00629997,11.05152988,11.18832016,11.23243999,11.24269962,11.29952653,11.35635344,11.41318035,11.41318035,11.41318035,9.613805818760298,9.531733786714986,9.553063852366385,9.543330252943413,9.565865638489017,9.315697472928179,9.36370052513384,9.221437312547843,9.27589976996661,9.19819443248446,9.237916402056545,9.318972243609393,9.414860276355656,9.469865624876746,9.536502088105156,9.604039436882736,9.651392873796128,9.673109246508245,9.765177032338016,9.753836343557342,9.786904045719778,9.802889753228616,9.834815473339827,9.826130277649774,9.854733740405953,9.871774447910665,9.90814948133961,9.951643206398845,9.974723877598137,10.025304626728936,9.982896249882971,10.074286775214485,10.162801158858903
44.86,44.227,43.895,37.105,44.08,44.059,44.373,45.387,46.552,47.528,47.514,48.431,49.891,50.857,52.01,53.023,53.869,54.727,55.71,56.388,57.081,57.769,58.493,59.235,59.868,60.217,60.793,61.553,61.688,62.351,61.566,61.663,61.977,4.218900204,4.333489895,4.203050137,4.479829788,4.496963561,4.514097333,4.531231105,4.548364878,4.56549865,4.582632422,4.599766195,4.616899967,5.057419777,5.523624897,5.989830017,6.369110107,7.855309963,8.63090992,9.340579987,10.05025005,10.5172596,10.69895983,10.88066006,10.99707985,11.12872982,11.1534996,11.11637974,10.48184967,10.24604034,10.10524225,9.966378953,9.966378953,9.966378953,1.460590005,1.514265001,1.567939997,1.621614993,1.675289989,1.728964984,1.78263998,1.836314976,1.889989972,1.943664968,1.997339964,2.05101496,2.104689956,2.158364952,2.212039948,2.265714943,2.319389939,2.373064935,2.426739931,2.359861612,2.292983294,2.226104975,2.159226656,2.092348337,2.025470018,2.285303354,2.54513669,2.804970026,2.962684561,3.129266883,3.305215598,3.305215598,3.305215598,7.016364701422096,7.058559997891632,7.047334117638311,7.0098515312244265,6.971058471164991,6.8379950054747045,6.744718047659762,6.752830246254376,6.784345622378635,6.745764422735019,6.745390233878846,6.712586388076386,6.725713618133657,6.676162684817763,6.679129918846298,6.663607520280943,6.689572166075362,6.689415376027876,6.697441650592567,6.677130469462131,6.684466325972613,6.686210382388252,6.69946670462064,6.715573107366811,6.720106029805394,6.661373557276026,6.638387927573546,6.621663908026964,6.609590772487392,6.595838703798305,6.573655573222468,6.574365395964435,6.5681144285822946
55.434,55.793,56.021,56.08,56.035,56.308,56.346,56.743,57.028,57.69,58.625,59.966,61.226,62.523,63.552,64.293,65.059,65.731,66.47,67.444,67.712,68.416,68.915,69.304,69.736,69.873,70.224,70.515,70.561,70.692,70.416,69.584,69.896,6.885230713,6.991089821,7.098576493,7.206063165,7.313549836,7.421036508,7.52852318,7.636009852,7.743496524,7.850983196,7.958469868,8.594880104,9.777799606,10.32608032,10.84488964,11.0031147,11.16133976,11.16427994,11.05580997,11.10583191,11.15608016,11.20655577,11.25725975,11.30819314,11.35912653,11.41005992,11.46099331,11.5119267,11.52826715,11.5446076,11.56094805,11.56094805,11.56094805,2.814247517,2.868649328,2.923051139,2.97745295,3.03185476,3.086256571,3.142750759,3.199244947,3.255739135,3.312233323,3.368727511,3.431498832,3.494270152,3.557041472,3.619812792,3.682584112,3.803941997,3.925299883,4.030479908,3.936969995,3.869265985,3.801561975,3.733857965,3.666153955,3.598449945,3.674109936,3.955174923,4.23623991,4.517304897,4.798369884,4.997735023,5.197100163,5.197100163,6.921106138310735,6.9500734132469475,6.973356011398507,6.970706076916532,6.97584928968141,7.03943853998801,7.065923157621964,7.096129256205085,7.115293453328302,7.204980956516065,7.27708312289844,7.334868983393032,7.371923827835327,7.4416981535464926,7.52006282899318,7.6208691910194934,7.7074865075288574,7.793791517261626,7.835116821460275,7.817524892909806,7.870747362212506,7.916770622230254,7.964227610206621,8.013746883072557,8.06855679009542,8.122871502939766,8.17915999729452,8.234427221240523,8.288870053171447,8.339925081543603,8.319023474609224,8.324686925377446,8.364301457983302
54.868,54.658,54.481,54.062,53.528,53.222,52.82,52.737,52.582,52.695,52.932,53.142,53.415,53.883,54.178,54.362,54.856,55.165,55.655,56.102,56.582,57.133,57.792,58.476,58.935,59.658,60.233,60.81,61.18,61.584,60.833,60.333,60.958,8.211890221,8.174260139,8.047991395,7.921722651,7.795453906,7.669185162,7.542916417,7.416647673,7.290378928,7.164110184,7.393889904,8.67166996,8.403800011,8.556240082,8.608369827,8.567790031,8.321900368,9.09265995,9.529709816,10.00405025,10.37228012,10.74050999,11.32874012,11.63219023,11.93564034,12.20610046,12.13076019,12.43191341,12.74054294,13.05683437,13.38097793,13.38097793,13.38097793,2.137418272,2.221190285,2.304962298,2.388734311,2.472506324,2.556278337,2.641282291,2.726286246,2.8112902,2.896294154,2.981298109,3.058910415,3.136522721,3.214135027,3.291747333,3.369359639,3.429724766,3.490089893,4.061129888,4.632169882,5.203209877,5.355272412,5.507334948,5.659397483,5.811460018,5.963522553,6.115585089,6.267647624,6.419710159,6.47855597,6.537401781,6.537401781,6.537401781,8.120357586608888,8.032573294742667,7.982903988580336,7.874664467251897,7.857773191770276,7.856943732116102,7.870364077719086,7.885568132481609,7.9163611248345385,7.937303763647644,7.92979935918526,7.939540856913579,7.966676022472962,8.013155333555694,8.06477504038754,8.05540659323206,8.07824547076169,8.084226210451073,8.089798749800526,8.09726037582488,8.091853042710113,8.096465495420741,8.108553956292623,8.125180423082394,8.161098329768665,8.17920839373107,8.190594380235602,8.195188624911859,8.206038297040205,8.209388720530935,8.183654437205153,8.152856658891551,8.211067404663632
77.431,77.592,77.85,77.723,77.899,78.019,78.271,78.464,78.674,78.885,79.234,79.451,79.568,79.74,80.033,80.136,80.547,80.549,80.739,81.074,81.347,81.529,81.722,81.803,81.855,81.925,82.043,82.019,82.051,82.363,82.047,82.656,82.847,16.68971062,16.96995926,17.10577011,16.72765923,16.88726044,16.8725605,16.83344078,16.3625102,15.89157963,15.80797958,15.75918961,15.67950685,15.59982409,15.52014133,15.44045857,15.36077581,15.28109305,15.20141029,15.2363596,15.31015968,15.17741013,15.24262047,15.72655964,15.82699013,15.87559986,15.95269012,15.93340015,15.99886036,15.93410969,15.93334007,15.94466972,15.96065044,15.96065044,10.74998669,10.92090034,11.09453135,11.26816235,11.44179335,11.61542435,11.78905535,11.96268635,12.13631735,12.30994835,12.48357935,12.65721035,12.78942223,12.9216341,13.05384598,13.18605785,13.31826973,13.36716785,13.41606598,13.4649641,13.51386223,13.56276035,13.59659233,13.63042431,13.66425629,13.69808826,13.731920240000001,13.76600456,13.80017348,13.83442722,13.86876597,13.86876597,13.86876597,10.414981055221332,10.3844579881136,10.378996482267414,10.396277180988312,10.42752073059912,10.444787622805713,10.451433693953332,10.48573483557466,10.513540556485697,10.555557349195894,10.603607645736497,10.608683504987903,10.63067287330145,10.639768618256525,10.663573896868254,10.686535162688854,10.707048762640953,10.718936760710301,10.717911041719084,10.674696586865588,10.691079484889219,10.712984215928664,10.720867409697552,10.735916527392503,10.753270863487666,10.75361665816333,10.75544488825981,10.77274358301406,10.781613150641002,10.791198400405897,10.732655288027804,10.777554304651177,10.788171886989804
49.635,49.252,48.793,48.353,47.853,47.35,46.831,46.319,46.025,45.75,45.406,45.393,45.409,45.76,46.038,46.433,46.851,47.426,48.016,48.648,49.255,49.948,50.686,50.902,50.566,52.793,53.46,53.721,54.369,55.025,54.604,53.895,54.477,5.280560017,4.918749809,4.094940186,4.196776643,4.298613099,4.400449556,4.502286013,4.60412247,4.705958927,4.807795384,4.909631841,5.011468298,5.113304755,5.215141212,5.316977669,5.418814126,5.520650583,5.62248704,5.724323497,5.826159954,6.018069983,6.209980011,6.190639973,6.317989663,6.447959105,6.580602192,6.715973923,6.85413043,6.995129001,7.139028099,7.285887393,7.285887393,7.285887393,1.867779274,1.934874257,2.001969241,2.069064225,2.136159208,2.203254192,2.281229443,2.359204694,2.437179946,2.515155197,2.593130448,2.665665566,2.738200683,2.8107358,2.883270918,2.955806035,3.012020751,3.068235467,3.124450183,3.180664899,3.236879615,3.356562559,3.476245503,3.595928447,3.71561139,3.835294334,3.858868247,3.88244216,3.906016074,3.929589987,3.9531639,3.9531639,3.9531639,7.169849299244644,7.154372592292466,7.109903297755543,7.070655896777665,7.079683770322089,7.108168203133209,7.0013886500918465,7.037183967137463,7.051531138281804,7.092766324190943,7.077591501523511,7.06731779920551,7.038171476044583,6.947398439430455,6.944016073587657,6.950569415549089,6.934104906257767,6.961777354707052,6.99788284676859,7.012825154008066,7.0446757263923825,7.06972781928652,7.110559820628859,6.655676819317859,6.658309021753938,6.698216249567662,6.7281379818597165,6.782619833317891,6.828852715755166,6.835876106776734,6.803286897809528,6.802856390757969,6.767472426456841
72.574,73.574,74.135,74.195,74.614,74.609,74.899,75.596,75.669,76.018,76.87,76.773,77.445,77.387,77.616,78.016,78.261,77.826,78.484,78.741,78.501,79.11,79.023,79.339,79.473,79.746,80.079,80.35,80.133,80.326,79.377,78.944,79.519,12.74779872,12.73688984,12.7259903,11.73915958,11.91450367,12.08984776,12.26519184,12.44053593,12.61588001,13.08310032,13.13626003,13.33110523,13.52595043,13.74680042,14.06828022,14.38132,14.31814957,14.70213032,14.85708046,14.88204002,15.09842968,15.31116009,15.41316986,16.10619926,16.26062965,16.39200974,16.49542999,16.53348923,16.60621071,16.64357948,16.34049988,16.76792908,16.76792908,8.387270623,8.466750993,8.546231363,8.625711733,8.705192103,8.784672473,8.857878077,8.931083681,9.004289285,9.077494889,9.150700493,9.288745346,9.426790199,9.564835053,9.702879906,9.736940066,9.771000226,9.805060387,10.1062603,9.97935009,9.85243988,9.544130325,9.776545048,10.00895977,10.13243484,10.25590992,10.42321491,10.59051991,10.76136507,10.9349663,11.11136804,11.11136804,11.11136804,9.13806921427622,9.197950077624624,9.296082834984881,9.350408843018803,9.374707703625676,9.450024627668398,9.507575541938968,9.566998274569713,9.602428954617249,9.58227534976804,9.6135301601728,9.635520010036018,9.65130325567208,9.675256659490378,9.704559825776693,9.743691704437495,9.753329304668894,9.802605288413652,9.859068873213491,9.847842369772534,9.894715324806874,9.920345055049872,10.007208580868777,10.041349320723253,10.049676595908869,10.081065712188382,10.083017674816091,10.068691485184637,10.087962894518707,10.081328466642875,9.976243411961573,10.079658709755357,10.103607930101159
68.005,68.169,68.734,69.216,69.52,70.008,70.266,70.672,71.172,71.419,71.881,72.606,72.985,73.371,73.748,74.111,74.504,74.762,74.872,75.343,75.599,75.903,76.192,76.452,76.717,76.977,77.218,77.248,77.744,77.968,78.077,78.211,78.587,8.605669975,8.595879555,8.599749565,8.60599041,8.580659866,8.725359917,8.975049973,9.136859894,9.392760038,9.648660183,9.904560328,10.16046047,10.5064764,10.85249233,11.19850826,11.54452419,11.89054012,12.20328999,12.51947975,12.85252953,13.04319954,13.15779018,13.28357029,13.5112315,13.7427945,13.97832615,14.21789447,14.46156865,14.70941905,14.96151725,15.21793605,15.21793605,15.21793605,4.143789768,4.322265768,4.500741768,4.679217768,4.857693768,5.036169767,5.214645767,5.393121767,5.571597767,5.750073767,5.928549767,6.008342791,6.088135815,6.167928839,6.247721863,6.327514887,6.407307911,6.487100935,6.566893959,6.646686983,6.726480007,6.862735033,6.998990059,7.135245085,7.271500111,7.407755136,7.544010162,7.680265188,7.816520214,7.960391283,8.106910446,8.106910446,8.106910446,7.262107648331427,7.335491956196654,7.455762667697017,7.573068766293995,7.686335423952057,7.767004610452357,7.852128843224954,7.9326316079836054,7.994516577247531,8.061968886012663,8.136366435792246,8.206966431350741,8.291143807506932,8.384036906258682,8.477547716400407,8.575341190721602,8.694349406606154,8.826170626333424,8.917018905591728,8.994175959342533,9.087763068562184,9.168462781552225,9.244429490026858,9.306774683344162,9.38146223063259,9.437649997937658,9.49795137540262,9.562747032941427,9.620311519954097,9.676186712911536,9.690778788964321,9.769908201618767,9.799508719137823
68.644,68.813,69.038,69.342,69.613,69.933,70.189,70.492,70.738,70.926,71.32,71.502,71.939,72.361,72.695,73.081,73.468,73.837,74.295,74.742,75.033,75.32,75.597,75.827,76.043,76.257,76.471,76.646,76.748,76.752,74.769,72.83,73.659,9.167188807,9.698809624,10.26126003,10.41952991,10.52149963,10.55655956,11.07009983,11.42187977,11.77365971,11.71802044,12.15445042,12.15618515,12.15791988,12.40696001,12.65600014,13.17887974,13.52441025,13.78964996,13.99300003,14.43908978,14.41386032,14.50032043,14.18010044,14.7003603,14.60217953,14.64527988,14.76609039,14.73616982,14.62864017,14.52388,14.3924799,14.43749046,14.43749046,6.340998417,6.39219122,6.443797317,6.495820045,6.54826277,6.600705494,6.653148218,6.705590942,6.758033666,6.81047639,6.862919114,6.915361838,6.967804562,7.020247286,7.07269001,7.284200191,6.803120136,7.188660145,7.321400166,7.247399807,7.393869877,7.518929958,7.625860214,7.833469868,7.992390156,8.047450066,8.221500397,8.362985134,8.504469872,8.643030167,8.862859726,8.862859726,8.862859726,8.994025117812987,8.998937700866037,9.02290988029091,9.064556458968063,9.111406345905346,9.144146407321134,9.142265214332465,9.157484565396743,9.150709520874768,9.092379608114577,9.09953122344103,9.097735822659416,9.105028459803854,9.12156660536262,9.15833566543711,9.200893841472304,9.251776233721392,9.300083585849192,9.31593225886562,9.320922888224533,9.347673492367177,9.394990487238994,9.427189092348765,9.471278021620181,9.51274123117209,9.549134421816081,9.561167812844406,9.55318458721074,9.551395122822324,9.567573850505427,9.489469552754178,9.575167090929817,9.616733531977605
55.926,55.243,54.663,54.146,53.738,53.644,53.491,47.19,50.894,52.757,53.682,54.395,55.088,55.948,56.986,58.126,58.878,59.643,60.426,61.088,61.683,61.992,62.317,62.695,62.95,63.233,63.577,63.76,64.053,62.747,63.785,63.519,63.053,11.11108971,10.84885025,10.69184017,10.50271711,10.31359406,10.124471,9.935347939,9.74622488,9.557101822,9.367978764,9.178855705,8.989732647,8.800609589,8.589189529,8.799640656,9.010091782,9.220542908,9.430994034,9.64144516,9.851896286,10.06234741,10.27279854,10.48324966,10.70739212,10.93632698,11.17015669,11.40898591,11.65292155,11.90207278,12.15655111,12.41647044,12.41647044,12.41647044,5.860829425,6.039724902,6.218620379,6.397515855,6.576411332,6.755306809,6.856769915,6.958233021,7.059696128,7.161159234,7.26262234,7.310683811,7.358745283,7.406806754,7.454868225,7.502929697,7.516280106,7.529630514,7.542980923,7.556331332,7.56968174,7.687165337,7.804648934,7.92213253,8.039616127,8.157099724,8.175790296,8.194480868,8.21317144,8.231862013,8.250552585,8.250552585,8.250552585,8.371207729878353,8.378476376784764,8.401908557752794,8.31322917257965,8.255784859839276,8.048784763719699,8.058300115072031,8.152126811367717,8.248580286756729,8.071183984233802,7.996443715716509,8.069352273178842,8.092523101872024,8.063143280380578,8.01272341538927,8.127955729437872,8.280924702956922,8.177374674278203,8.223087879928766,8.371725802329957,8.403973759884822,8.36426689922043,8.483728457011654,8.489155040086818,8.570879882862643,8.491149393195567,8.326949096431175,8.160985799872133,8.15307156765287,8.080292243815808,7.988582702003167,8.018995790276575,7.973433836106226
48.601,48.948,49.244,49.551,49.884,50.411,49.307,50.402,49.696,49.945,51.781,52.116,52.333,52.827,53.426,53.927,54.534,54.923,55.339,55.836,56.417,57.069,57.248,57.762,58.296,58.49,59.066,59.411,59.942,60.276,59.739,59.193,59.743,6.191844261,6.262680053,6.334326219,6.406792029,6.480086862,6.5542202,6.630936861,6.707653522,6.784370184,6.861086845,6.937803507,7.014520168,7.09123683,7.167953491,7.244670153,7.321386814,7.398103476,7.474820137,8.197680473,8.352589607,8.690759659,9.02892971,8.892789841,9.145159721,9.20597948,9.26720372,9.328835131,9.390876421,9.453330315,9.516199559,9.579486913,9.579486913,9.579486913,3.516495009,3.725921823,3.935348637,4.144775451,4.354202265,4.563629078,4.679282692,4.794936306,4.910589919,5.026243533,5.141897147,5.20128684,5.260676533,5.320066227,5.37945592,5.438845614,5.479480667,5.520115721,5.560750774,5.601385828,5.642020881,5.748297175,5.854573468,5.960849762,6.227059841,6.49326992,6.75948,6.903520107,7.047560215,7.126862507,7.206164799,7.206164799,7.206164799,7.3985658637381775,7.278217170183571,7.133826163871498,6.9853258380281815,6.833271800734826,6.7769941368679305,6.826969955254208,6.748059838860535,6.713697022312733,6.606047986128361,6.577935013283792,6.495319511581074,6.511364106616991,6.543727687601561,6.574265267404037,6.589637745705274,6.6198112496893255,6.641109851329333,6.642056744629711,6.662997725707756,6.696704792661403,6.7176271582250635,6.743991286479704,6.748849590331019,6.810045972914503,6.86046374391694,6.9127602432269715,6.902377459397517,6.914603981984504,6.905875965177663,6.924550156156929,6.9313384090072105,6.984844374881868
76.63,76.591,76.627,76.703,76.67,76.552,76.804,77.07,76.896,77.138,77.586,77.545,77.983,78.072,78.331,78.505,78.514,78.462,78.445,78.672,78.67,79.348,79.283,79.403,78.774,79.086,79.459,79.377,79.484,79.427,79.277,77.023,77.32,9.7397098540000009,9.978110313,10.24223995,10.39446497,10.54668999,10.698915,10.85114002,11.00336504,11.15559006,11.30781507,11.46004009,11.61226511,11.76449013,11.91671515,12.06894016,12.34011868,12.6112972,12.88247572,13.15365423,13.42483275,13.69601127,13.96718979,14.13411999,14.33946991,14.63490963,14.69305038,14.81766033,15.06278992,15.22842026,15.8384304,16.09200378,16.09200378,16.09200378,6.246158944,6.207062733,6.489623811,6.7170524,6.73303985,6.962734944,6.941064556,7.114540012,7.321519931,7.30533652,7.142045964,7.332145083,7.485752501,7.633359768,7.666705062,7.825407987,7.836508898,8.012720108,8.288009644,8.359669685,8.230690002,8.351329803,8.412119865,8.581184864,8.750249863,8.584500313,8.564390182,8.643780231,8.72317028,8.763615131,8.804059982,8.804059982,8.804059982,9.14644436438257,9.162961841313178,9.22814460872138,9.273395004570515,9.305931104240168,9.318742821857176,9.313581323544245,9.343558692348703,9.380416548362687,9.383878915786283,9.392691949152855,9.408449778044382,9.425390205344359,9.451822065418128,9.48424390533219,9.51368241599804,9.578727992528085,9.647297692988523,9.686232352056512,9.65044763724407,9.690329822781917,9.7195501854235,9.75728491310453,9.765229588967642,9.78411002316251,9.807028395860609,9.838148812642247,9.858216668554205,9.87360504985925,9.882497683957846,9.832614760999121,9.899131950156988,9.915830084644382
52.603,52.323,52.138,51.925,51.737,51.61,51.52,51.449,51.108,50.957,50.842,50.81,50.886,50.954,51.363,51.824,52.355,52.97,53.653,54.394,55.023,55.52,56.158,56.748,57.208,57.762,58.06,58.48,58.849,59.319,59.032,58.598,58.916,5.348631403,5.452453121,5.55829011,5.666181491,5.776167139,5.888287707,6.002584636,6.11910017,6.237877375,6.358960152,6.487278112,6.615596072,6.743914032,6.872231992,7.000549952,7.128867912,7.257185872,7.385503832,7.513821793,7.642139753,7.770457713,7.898775673,8.027093633,8.155411593,8.283729553,8.547829628,9.07269001,9.474160194,9.697870255,9.921580315,10.10165024,10.10165024,10.10165024,4.585823318,4.792634958,4.999446597,5.206258237,5.413069877,5.619881517,5.957074408,6.294267299,6.63146019,6.509348929,6.387237668,6.265126407,6.143015146,6.020903885,5.898792624,5.776681364,5.654570103,5.532458842,5.410347581,5.28823632,5.166125059,5.044013798,4.921902537,4.799791276,4.677680016,4.308879972,3.940079927,4.014304353,4.088528779,4.162753204,4.23697763,4.23697763,4.23697763,7.958994809486151,7.9094256944580135,7.8839111774890425,7.858909033051024,7.86323759204678,7.900625069416735,7.915325190539778,7.970426438484223,7.988471770158027,7.954191550444187,7.929274524242202,7.909053715768378,7.868524154087849,7.838988214820398,7.831731579863383,7.826258380161553,7.818518445978879,7.814611081964712,7.821069296434675,7.8485815871171045,7.889993497061243,7.817549804524571,7.884185641671837,7.9520702214032495,8.332273245250613,8.3722195183556245,8.415272888324354,8.454105064987557,8.477708407639378,8.515313055267434,8.504815285234969,8.548000876585544,8.589773551736343
74.039,74.093,74.162,74.261,74.411,74.623,74.903,75.222,75.564,75.893,76.183,76.421,76.612,76.773,76.912,77.047,77.179,77.307,77.429,77.548,77.661,77.76,77.833,77.87,77.853,77.772,77.643,77.529,77.496,77.611,77.567,73.683,78.155,12.60223961,12.52694988,12.36981964,12.27513027,11.70328045,11.52468967,11.97091961,11.95853043,12.09601498,12.23349953,12.44509983,12.71877003,13.05060005,13.4489603,14.38751984,14.8090601,16.06064034,17.0396595,17.52378082,17.29636002,16.27037048,15.49761963,14.61526966,13.98764038,14.04951,13.85789013,13.86410999,14.06610012,14.20104027,14.3487196,14.42603016,14.46930027,14.46930027,8.794557697,8.942269906,9.089982115,9.237694325,9.385406534,9.533118744,9.62629106,9.719463377,9.812635694,9.90580801,9.998980327,10.08533516,10.17168999,10.30446396,10.43723793,10.5700119,10.70278587,10.83555984,10.96833382,11.10110779,11.23388176,11.36665573,11.4994297,11.38002832,11.26062693,11.14122554,11.02182416,10.90242277,10.78302138,10.66362,10.54807197,10.54807197,10.54807197,8.5668909976492,8.448336862106979,8.322776509976018,8.155676599880573,8.158152551996684,8.172251577093594,8.24701069286923,8.27189308726067,8.271863661534246,8.327925936450463,8.379906857013413,8.412848601531023,8.425000070532233,8.459119082761614,8.511468632952916,8.617980773915003,8.733781564901818,8.79832425171823,8.837089060771543,8.841595546481434,8.868887053478767,8.9027600922366,8.933373042826384,8.961066536811101,8.969434550655448,9.012393609304969,9.016104500653892,9.034601382470525,9.056784148574687,9.0558633449368,8.941324550801625,8.957717618768486,8.981360877876579
73.539,73.716,74.177,74.65,74.72,75.133,75.522,75.841,76.182,76.295,76.568,76.989,77.487,77.788,77.944,78.101,78.371,78.81,78.981,79.401,79.665,79.999,80.109,80.402,80.771,80.966,81.056,81.328,81.382,81.397,81.391,81.203,81.889,10.67582622,10.83719334,11.00099957,11.16728175,11.33607732,11.50742427,11.68136116,11.85792714,12.03716194,12.21910592,12.40380001,12.50660992,12.97183037,13.34300041,13.46362972,13.36178017,13.39218998,13.44102955,13.6665802,14.02830029,13.99242973,13.94190979,13.95650005,14.1801796,14.46158028,14.82831001,15.03357983,15.50938988,15.6956501,16.0143795,16.22817039,16.24308968,16.24308968,8.298367536,8.454519727,8.613610268,8.77569445,8.937778632,9.099862814,9.261946996,9.424031178,9.58611536,9.748199542,9.910283724,10.07236791,10.23445209,10.39653627,10.55862045,10.71990967,10.96681976,11.19272995,11.28384972,11.26194,11.44206047,11.57841015,11.80556011,11.87837982,11.88368034,11.86548042,12.08658028,12.18473005,12.28287983,12.36152506,12.44017029,12.44017029,12.44017029,10.130067925606818,10.112217569742977,10.174189780907835,10.158227573878781,10.193686986024144,10.211434217620493,10.210175246524066,10.215479971353124,10.347754490886068,10.296718557931584,10.313313839862266,10.356058371362693,10.403363288397205,10.427623265257752,10.446309766179672,10.484794174459125,10.5108741714198,10.52978969987009,10.590569108835107,10.55705596362828,10.542107287633334,10.560745519051844,10.477716690875864,10.406932923208931,10.38501105933609,10.444632232487093,10.46898511600913,10.526494300644979,10.56249901469516,10.583218872028846,10.51096120378901,10.549778332699693,10.60005125338832
71.409,71.97,72.33,72.853,73.082,73.177,73.835,73.946,74.553,74.742,74.979,75.315,75.444,75.397,75.943,76.159,76.711,76.922,77.174,77.26,77.57,77.819,78.006,78.18,78.755,78.58,78.997,78.956,79.004,79.243,78.575,77.728,78.129,12.10068035,12.02169037,11.74785995,11.96282959,12.55356979,12.94954014,13.34667969,13.49812984,13.32468033,13.39109993,14.02147961,14.46613979,14.8226099,15.16322994,14.99580002,15.25259018,15.38356018,15.63811016,15.67990017,15.9990797,16.21603012,16.36347008,16.35502052,16.85703087,16.96136093,16.95470047,16.78609085,16.67814064,16.12398911,16.10343933,16.1389904,16.3472805,16.3472805,9.10276631,9.287969589,9.476940982,9.665912374,9.854883766,10.04385516,10.23282655,10.42179794,10.61076934,10.79974073,10.98871212,11.17768351,11.3666549,11.5556263,11.74459769,11.93356908,12.12254047,12.14151001,12.19182014,12.29473972,12.38508034,12.46833038,12.5199604,12.596540450000001,12.63813972,12.67333984,12.73709011,12.78682041,12.8280654,12.86931038,12.91605342,12.91605342,12.91605342,10.08080883711301,9.957130942634238,9.951315876666651,9.948879938886023,9.977343514009254,10.031017818114051,10.067164648624983,10.06345426725276,10.061639862863933,10.07295011782607,10.1126762165615,10.134159338647128,10.140904583346208,10.177579383327089,10.209009540292074,10.273524153765662,10.32012730904151,10.36585542249324,10.388400603172409,10.325524756106077,10.341393368017446,10.351411649917216,10.359690466293204,10.359178044234701,10.374166826295196,10.424619478542429,10.448582245854832,10.508532367922474,10.53879801502452,10.558734512908073,10.510414629603346,10.572869683317528,10.595250445912525
74.864,75.226,75.267,75.188,75.439,75.286,75.662,76.04,76.434,76.576,76.814,76.972,77.097,77.399,77.784,78.224,78.222,78.348,78.713,78.957,79.246,79.784,80.081,80.304,80.63,80.738,80.88,81.111,80.99,81.434,81.545,81.375,81.882,14.31334019,14.47774982,14.52451038,14.79776001,15.0534296,15.18115044,15.40884972,15.57523966,15.7416296,16.43011093,16.20286942,16.54718018,16.20438957,16.36174965,16.51910973,16.77968979,16.64613914,16.80562973,16.71553993,16.71541023,16.89028931,18.35436058,18.6772995,19.17308044,19.2089901,19.2968998,19.0395298,18.824329379999998,18.72179985,18.62013054,18.64031982,18.77403069,18.77403069,11.47511219,11.49547958,11.51588313,11.53628667,11.55669022,11.64894009,11.81353259,11.9781251,12.1427176,12.3073101,12.47190261,12.63649511,12.80108762,12.96568012,12.91676044,12.82844702,12.7401336,12.65182018,12.88381004,12.4705801,12.42588997,12.46644974,12.70141029,12.74561024,12.38759041,12.63831997,13.16281986,13.011765,12.86071014,12.91060019,12.96049023,12.96049023,12.96049023,10.543503919134592,10.55319030665089,10.571498151766164,10.573166529691996,10.623000372469509,10.652003358803698,10.673343386135006,10.702757261398505,10.724866525645753,10.75419834374359,10.775665682817861,10.78812124207581,10.791789518129,10.796340406915494,10.829924415301294,10.85690376987546,10.895868625300649,10.893640941433851,10.888632859348041,10.831831385070807,10.852317125998184,10.865901989497251,10.865907760085282,10.879906363581584,10.895650772176001,10.906323621503521,10.924416043862758,10.943206085293538,10.963589466580794,10.975988343459749,10.956476822829528,11.001988335987763,11.035195374389827
67.11,67.625,68.084,68.472,68.792,68.988,69.097,69.166,69.096,69.279,69.423,69.642,69.923,70.265,70.331,70.875,71.165,71.371,71.658,71.871,72.093,72.221,72.514,72.713,72.867,72.953,72.987,73.063,73.232,73.577,72.889,72.615,74.17,9.284750781,9.453856966,9.626043137,9.80136539,9.979880845,10.16164766,10.34672505,10.53517332,10.72705386,10.92242918,11.12136293,11.33143273,11.54150252,11.75157232,11.96164211,12.17171191,12.3817817,12.5918515,12.80192129,13.01199109,13.22206088,13.43213068,13.64220047,13.70403528,13.76587009,14.46397018,14.51723003,14.66316986,14.56586647,14.46856308,14.37125969,13.55698967,13.55698967,5.26625239,5.397396418,5.528540447,5.659684475,5.790828503,5.921972532,6.03057618,6.139179829,6.247783477,6.3563871260000004,6.464990774,6.542857541,6.620724308,6.698591075,6.776457842,6.854324609,7.012107268,7.169889927,7.193096638,7.216303349,7.239510059,7.330570221,7.429090023,7.516860008,7.650459766,7.718160152,9.044050217,8.984526952,8.925003688,8.865480423,9.150526383,9.150526383,9.150526383,8.690449414288356,8.68431009187568,8.7695460519841,8.804213571447866,8.817191278195049,8.853841201874038,8.901225895351088,8.968862934504772,9.015400782220258,9.054926471171159,9.087197665485107,9.09634672350217,9.12645071976587,9.073887716271681,9.067429026994889,9.176956135504398,9.256625231918688,9.314930497759919,9.34846358628269,9.344445056987217,9.411597688615208,9.426920457194258,9.44014162115432,9.467358653646386,9.522269523880746,9.583448936337975,9.633961945355853,9.664016385087006,9.725328754228112,9.760829608493253,9.679916845628956,9.786059308871122,9.833776656902954
69.348,69.625,70.117,70.345,70.757,71.041,71.362,71.681,72.045,72.463,72.839,73.24,73.613,73.975,74.279,74.514,74.689,74.844,74.983,75.184,75.43,75.743,76.062,76.369,76.622,76.789,76.763,76.972,77.094,77.297,72.153,73.67,77.894,11.40330029,11.24228001,11.42147714,11.60067427,11.7798714,11.95906853,12.13826566,12.31746278,12.49665991,12.67585704,12.85505417,13.0342513,13.21344843,13.39264556,13.57184269,13.75103982,13.93023695,14.10943408,14.28863121,14.46782834,14.64702547,14.8262226,15.00541973,14.87827969,15.00487995,15.13148022,14.99600347,14.86052672,14.72504997,14.46730995,14.86483955,14.86483955,14.86483955,6.75150013,6.808366579,6.865233029,6.922099478,6.978965928,7.035832377,7.092698827,7.149565276,7.206431725,7.263298175,7.320164624,7.377031074,7.433897523,7.490763973,7.547630422,7.604496872,7.661363321,7.718229771,7.72631979,7.739970207,7.849160194,7.907040119,8.097470284,8.288680077,8.361359596,8.701580048,8.692919731,8.765919685,8.782986323,8.800052961,8.817119598,9.113010406,8.969750404,8.920318179444639,8.95442919257601,8.967957215484091,8.978460423989967,9.004902500286613,9.012029345415401,9.007812885777884,9.036111444109837,9.046486897545797,8.956984628800415,8.94843695253331,8.988434906292559,9.016375191082489,9.023147550574567,9.081097893482113,9.120952603421646,9.150527116525518,9.153153886271635,9.213747623695753,9.20688774491303,9.231026167987567,9.28902446854008,9.328009948751907,9.360697290583081,9.382860362475974,9.367120871936054,9.338759408750681,9.341934505826085,9.331468374100428,9.310478661315644,9.218292366891374,9.258843021483901,9.27736656254673
64.146,64.755,65.031,65.468,65.816,66.312,66.742,67.197,67.471,67.737,68.007,68.308,68.564,68.402,68.613,68.779,68.977,69.128,69.319,69.48,69.664,69.88,70.085,70.052,70.415,70.483,70.844,71.302,71.367,71.358,70.99,70.221,70.159,9.206990242,9.250329971,9.430852532,9.611375093,9.791897655,9.972420216,10.15294278,10.33346534,10.5139879,10.69451046,10.77771521,10.86091995,10.88712978,10.73254967,10.78256035,10.84283428,10.90310822,10.96338215,11.02365608,11.08393002,11.19958019,11.21022987,11.57713032,11.80953979,11.73950958,11.88743496,12.03536034,12.16487026,12.43317032,12.67249012,12.91180992,12.91180992,12.91180992,5.305645579,5.468896212,5.632146845,5.795397478,5.958648111,6.121898744,6.333519936,6.341912937,6.350305939,6.35869894,6.367091942,6.375484943,6.383877945,6.392270947,6.400663948,6.40905695,6.417449951,6.656382647,6.895315344,7.13424804,7.373180736,7.612113432,7.851046129,8.089978825,8.328911521,8.567844217,8.806776914,9.04570961,9.305633501,9.573026174,9.84810224,9.84810224,9.84810224,8.721184740535046,8.740735770628225,8.759998462531005,8.765192748020285,8.781040209292142,8.80582057596971,8.833965380662628,8.865868468855213,8.901946082973312,8.935285824219994,8.975398491164425,8.996100226204788,8.988757069590328,8.99679965686369,9.015277017684035,9.038978963681059,9.093652919087267,9.146648078073992,9.1954143765602,9.214001525766108,9.223300711768188,9.212077355546397,9.21397514617365,9.209643128958755,9.21710212868595,9.244634294364408,9.270304099685504,9.286630673401902,9.314024464321355,9.339279977463573,9.361958803223686,9.378132750418029,9.422286772520215
62.55,63.856,64.657,65.235,65.838,66.33,67.076,67.895,68.478,69.379,69.865,69.598,70.232,70.14,70.34,70.44,70.773,71.108,71.424,71.576,71.848,71.859,71.831,71.771,71.746,71.814,72.025,72.311,72.555,72.559,71.061,70.748,71.475,8.514767823,8.662059784,8.811899662,8.96173954,9.286313629,9.610887718,9.935461807,10.2600359,10.58460999,10.5519104,10.89731979,11.10416985,11.44435978,11.84412956,12.16205025,12.4198103,12.39274979,12.88368988,12.16687965,12.09626007,12.16615963,12.24773979,12.29899979,12.43801975,12.25903988,12.01471996,11.79246998,11.75586188,11.92147713,11.88102581,11.9099355,11.9099355,11.9099355,3.729339234,3.847328115,3.969049931,4.094622782,4.220195634,4.345768486,4.471341337,4.596914189,4.722487041,4.848059893,4.973632744,5.099205596,5.224778448,5.3503513,5.475924151,5.601497003,5.727069855,5.625279903,6.029550076,6.130139828,6.339930058,6.209420204,6.366330147,6.434329987,6.528739929,6.623149872,6.717559814,6.825099945,6.968569994,7.112040043,7.150929928,7.150929928,7.150929928,8.526701018834645,8.528732894389702,8.586864779856054,8.629002946232168,8.668486003140186,8.710309343528895,8.707804584042535,8.7234761837997,8.743465557440793,8.74702831470084,8.756856521016635,8.76033997343383,8.767762550668804,8.773752977987165,8.780043532344807,8.805977374021449,8.855987708313204,8.873624619547401,8.897220348665126,8.861923335328804,8.88189870430727,8.914576551732672,8.927670593365916,8.941451106404573,8.95390313411264,8.972452289469889,8.98862387718228,9.004445600079647,9.026311370848434,9.056656017502354,8.971691800688161,9.073253567731172,9.09225181155186
69.831,69.712,69.344,68.579,67.885,68.726,70.145,70.732,70.217,71.115,71.33,71.418,71.871,72.158,72.644,73.197,73.479,73.605,74.412,75.192,75.749,76.468,76.545,77.127,77.141,77.656,77.82,77.976,78.139,78.669,78.343,77.144,79.155,13.0799799,12.78081989,12.62077999,12.32798004,12.54491997,12.79681015,13.15272999,13.56027508,13.96782017,14.21566963,15.16271973,15.65767956,15.94836044,16.09065056,16.25458908,16.49143982,16.45730972,16.43349075,16.2975502,16.31830025,16.50847054,16.6350193,16.60737038,16.49702072,16.26988983,16.12105942,15.95291996,15.81396008,15.75247955,15.740289689999999,15.77509975,15.94297981,15.94297981,9.655532811,9.900291752,10.14505069,10.38980963,10.63456858,10.87932752,11.13860606,11.3978846,11.65716314,11.91644168,12.17572021,12.34650517,12.51729012,12.68807507,12.85886002,13.02964497,13.20042992,13.21786022,13.25249004,13.32087994,13.33069038,13.3991003,13.44874001,13.53934956,13.44295025,13.48861027,13.51035023,13.55548,13.65631008,13.60237026,13.54843044,13.54843044,13.54843044,9.72361789597656,9.643080410903725,9.446760232978386,9.366808909209611,9.371824202694008,9.445750339055936,9.505930708264966,9.608943329290758,9.672868846740789,9.670728064690236,9.752716702145149,9.809759589516409,9.881895327735151,9.953485191224223,10.028573091449607,10.13425438149142,10.220596359285565,10.280550866161056,10.245323657503137,10.110188380151122,10.113257674045323,10.188785805697071,10.233873041722907,10.269026429738547,10.29669593965032,10.320996376065947,10.351278474900626,10.403961134333844,10.440946292019813,10.476507088678938,10.476758695983213,10.546062790576956,10.52276302872123
63.072,62.685,61.735,60.233,58.268,56.148,53.873,52.044,50.333,48.733,47.256,45.975,44.486,43.349,42.538,42.125,43.12,43.641,44.175,44.639,46.619,48.195,49.835,51.486,53.05,55.019,56.659,57.895,59.411,60.549,59.692,57.066,56.36,9.644469458,9.572581933,9.50123024,9.430410385,9.520150185,9.609889984,9.699629784,9.702963193,9.706296603,9.709630013,9.558130264,9.475719929,9.393309593,9.7072649,10.02122021,10.31523991,10.95755959,11.26955566,11.58155174,11.89354782,12.2055439,12.51753998,12.69502497,12.87250996,13.1477058,13.42878494,13.71587316,14.0090989,14.3085934,14.61449065,14.92692756,14.92692756,14.92692756,4.35,4.328,4.306,4.284,4.262,4.24,4.164,4.088,4.012,3.936,3.86,3.714,3.568,3.422,3.276,3.13,3.308,3.486,3.664,3.842,4.02,4.228,4.436,4.644,4.852,5.06,5.194,5.328,5.462,5.596,5.73,5.73,5.73,8.551786236874975,8.535898956202143,8.532845038089908,8.506076807333168,8.483408806600389,8.588532455489807,8.634597283993871,8.647874950112953,8.618214921401739,8.650608313706627,8.625547238703952,8.673349768143614,8.64161905235052,8.649142516005835,8.699752062049036,8.809567688702087,8.808550515150523,8.853824925459918,8.842887455370407,8.833744108386183,8.835252433243193,8.842744316487716,8.884040388393469,8.938955023742983,8.941503961624434,8.959438070487934,8.945874635963298,8.944210290170956,8.954713536347086,8.944878243278373,8.914403333655521,9.004470595014986,9.03501688479363
65.508,65.643,65.827,65.928,66.125,66.286,66.408,66.448,66.68,66.763,66.31,66.34,65.748,66.177,66.424,66.632,66.855,66.826,66.935,67.089,67.328,67.523,67.552,67.428,67.376,66.844,67.24,67.79,67.81,67.893,67.924,67.114,68.312,11.63193653,11.67753029,11.72330276,11.76907523,11.81484771,11.86062018,11.90639265,11.95216513,11.9979376,12.04371007,12.08948255,12.13525502,12.18102749,12.22679996,12.37187958,12.45875078,12.54562198,12.63249318,12.71936438,12.80623558,12.89310679,12.97997799,13.06684919,13.15372039,13.24059159,13.32746279,13.32746279,13.50120519,13.5880764,13.6749476,13.7618188,13.84869,13.84869,6.602397357,6.826421353,7.050445349,7.274469346,7.498493342,7.722517338,7.69411993,7.834786328,7.975452727,8.116119125,8.256785523,8.397451921,8.538118319,8.678784717,8.819451115,8.960117513,9.100783912,9.24145031,9.380341244,9.519232178,9.658123112,9.797014046,9.93590498,10.07479591,10.21368685,10.35257778,10.49146872,10.63035965,10.56551218,10.50066471,10.43581724,10.37096977,10.37096977,8.959375386090313,8.933749199219518,8.965368091321567,8.979020595872827,9.012112111018785,9.046093239996393,9.09557289684333,9.05739619995891,9.043286341140288,9.118671863181488,9.149090025209716,9.137683694261957,9.171808410930705,9.164688570191688,9.207269692361443,9.187482026775834,9.181407084528463,9.172223306459738,9.178273615654259,9.18003673651323,9.177808486121258,9.201392066038325,9.206007795305837,9.267506148289028,9.29200771828631,9.32063697140321,9.350046889337143,9.376587350555305,9.426860363066256,9.402432905256443,9.23493556030877,9.18273498856215,9.326669802326759
74.989,75.407,75.647,75.885,76.575,76.604,76.87,77.064,77.259,77.451,77.671,78.142,78.27,78.533,78.846,78.971,79.373,79.391,79.695,79.831,80.012,80.391,80.501,80.883,81.013,81.418,81.291,81.498,81.627,81.871,81.866,82.038,82.351,15.05280972,15.2710104,15.73964977,15.96156025,16.29762077,16.41723061,16.58016968,16.71985054,16.95726967,17.27002907,17.68334961,17.98135948,18.07708931,18.29443932,17.11433983,17.19054985,17.17551994,17.13093948,17.10404968,16.8861599,17.02306938,17.11375046,17.10630035,19.3260994,19.25424957,19.31086922,19.31080055,19.37471008,19.45115089,19.04310989,19.04858017,19.22859001,19.22859001,9.184650421,9.40821809,9.63178576,9.8553534290000009,10.0789211,10.30248877,10.52605644,10.74962411,10.97319177,11.19675944,11.42032711,11.64389478,11.86746245,12.09103012,12.13717985,12.18332958,12.23163033,12.27503967,12.32691956,12.37001038,12.41567993,12.45691967,12.4878397,12.54920959,12.59953022,12.63366985,12.68652487,12.73937988,12.80649996,12.87362003,12.92915501,12.92915501,12.92915501,10.375445168692924,10.301125388316622,10.251314046703198,10.233742526255934,10.279712656707835,10.325672983366267,10.366127202243076,10.432807336457827,10.478383786111257,10.529157857353095,10.587401133067493,10.617089139849632,10.635152440544895,10.643308632890191,10.692883374453025,10.713904435019238,10.754420302272909,10.795625547415852,10.79751754406014,10.71917664045001,10.74640163871063,10.757947952016893,10.739928760742181,10.725724262988557,10.723749135809824,10.725817949714989,10.745421458248817,10.770459607812759,10.783977207087874,10.796078464623006,10.782609672943321,10.809334502682255,10.810174283883843
76.834,77.014,77.296,77.348,77.768,77.871,78.061,78.425,78.588,78.751,79.047,79.224,79.413,79.421,80.339,80.339,80.748,80.967,81.049,81.178,81.427,81.813,81.774,82.016,82.476,82.186,82.437,82.473,82.591,82.731,82.21,82.499,83.229,13.98425961,14.46944046,14.69909954,14.81359005,15.6441803,15.77266979,15.86017036,15.81939983,15.76198959,15.72313976,14.93727016,14.8516798,14.78316021,14.86872005,14.85523987,15.43264008,15.41829014,15.35235023,15.2978096,15.27202034,15.38066006,15.4170599,15.48921013,15.46125031,15.44229031,15.51356983,15.62283039,15.74036026,15.84354973,15.86798954,15.9334898,15.98756027,15.98756027,7.552529812,7.744341952,7.936154093,8.127966234,8.319778374,8.511590515,8.703402655,8.895214796,9.087026937,9.278839077,9.470651218,9.662463358,9.854275499,10.04608764,10.23789978,10.31739044,10.44354534,10.56970024,10.65437031,10.63230991,10.7787199,10.85153961,10.9350996,11.08078957,11.22550011,11.33419037,11.35085964,11.40970039,11.50988007,11.61005974,11.68859246,11.68859246,11.68859246,10.432986918706277,10.433752441708009,10.445919337293113,10.436203799569677,10.454197082667235,10.47149709925004,10.48707091230429,10.510190825974048,10.542635908111718,10.57791595431383,10.60535595742204,10.61989039400962,10.61647609812233,10.620375682754988,10.641461669997607,10.653608524144284,10.673594666129736,10.691314525384296,10.6901047676894,10.657151288838286,10.67158728495621,10.691584474086497,10.685316933336985,10.686490385338798,10.690707716297295,10.698352147662437,10.706241594079735,10.72732458013242,10.742703027911828,10.75592613353341,10.666410345061752,10.74336985580372,10.765928948023594
60.311,60.397,60.545,60.718,60.701,60.704,60.612,60.662,60.79,60.849,61.069,61.27,61.292,61.671,61.838,61.959,62.375,62.618,63.083,63.303,63.898,64.045,64.587,64.776,64.974,65.46,65.802,66.189,66.306,66.603,66.531,65.821,65.694,11.06384079,11.10699025,11.15030799,11.19379468,11.23745096,11.28127751,11.32527499,11.36944405,11.41378538,11.45829964,11.50307465,11.54784966,11.59288677,11.63809953,11.68348863,11.72905474,11.77479857,11.82072079,11.86682212,11.91310324,11.95956486,12.00620769,12.05303242,12.10003977,12.14723045,12.19460518,12.24216467,12.28990964,12.33784083,12.38595894,12.43426472,12.43426472,12.43426472,4.32,4.5,4.68,4.86,5.04,5.22,5.406,5.592,5.778,5.964,6.15,6.304,6.458,6.612,6.766,6.92,7.05,7.18,7.31,7.44,7.57,7.852,8.134,8.416,8.698,8.98,9.094,9.208,9.322,9.436,9.55,9.55,9.55,9.69429845523483,9.729292461195241,9.648346709429894,9.649818818622755,9.68225770953851,9.692481781303197,9.700179514006777,9.723596370188154,9.770478914108962,9.630672081170003,9.510065682137716,9.562057218237403,9.569305438281722,9.547565106828143,9.463824168475368,9.511075081416662,9.398766690071437,9.403108610843098,9.319031650579408,9.366094827068105,9.349411872573004,9.340199868308199,9.425186962507334,9.461658671471818,9.549867573864042,9.518061623155411,9.520647891170773,9.515093672051911,9.466268327001925,9.445650501402817,9.474479346866959,9.184643100312348,9.32315274901901
51.319,52.127,52.941,53.748,54.721,55.464,56.009,56.06,56.554,56.816,56.942,57.043,57.08,57.586,58.088,58.394,59.06,59.394,60.082,60.427,60.717,61.526,62.096,62.114,62.269,62.494,63.013,62.995,63.04,63.755,62.612,62.083,62.906,3.84434068,4.00602438,4.174508107,4.350077852,4.533031638,4.723680019,4.939758484,5.155836949,5.371915414,5.587993879,5.804072343,6.020150808,6.236229273,6.452307738,6.668386203,6.884464667,7.100543132,7.316621597,7.532700062,7.53000021,7.477910042,7.603649736,7.73150372,7.861507545,8.020992137,8.180476728,8.33996132,8.499445911,8.658930503,8.818415095,8.977899686,8.977899686,8.977899686,1.395152942,1.521166756,1.64718057,1.773194384,1.899208198,2.025222012,2.067976699,2.110731386,2.153486073,2.19624076,2.238995447,2.322254574,2.405513701,2.488772828,2.572031955,2.655291083,2.75880243,2.862313777,2.965825124,3.069336472,3.172847819,3.305612373,3.438376927,3.571141481,3.676881218,3.782620955,3.888360691,3.994100428,4.099840164,4.306130171,4.512420177,4.512420177,4.512420177,7.62052470586471,7.614143498289912,7.609908260804218,7.592576668634045,7.563400981936059,7.547256048746435,7.560151222414297,7.524279261010714,7.530283492571052,7.561693990193845,7.588975537233449,7.609364914254331,7.57324423131999,7.578397751080462,7.663656780409307,7.609886737778034,7.571016816919039,7.5733524338073686,7.607708537060985,7.638061455547197,7.664831675872425,7.54504450186,7.5672443642629705,7.5642049040675685,7.51861489159579,7.5282529012318555,7.524409980633526,7.544756792994547,7.58938143669783,7.62531201109885,7.60771349816775,7.611961440961575,7.644740776863413
75.359,75.576,76.019,76.096,76.393,76.562,76.792,77.226,77.577,77.806,78.064,78.409,78.483,78.544,79.126,79.262,79.591,79.741,79.826,79.925,80.086,80.36,80.506,80.463,80.915,80.574,80.847,80.944,81.172,81.558,81.147,80.63,80.989,14.37678802,14.56478977,14.75524998,15.47786045,15.64466953,15.75277996,15.86441994,15.94838047,16.02003354,16.09168661,16.16333967,16.23499274,16.30664581,16.37829888,16.44995195,16.52160501,16.59325808,16.66491115,16.736564220000002,16.80821729,16.87987036,16.95152342,17.02317649,17.09482956,17.11840057,17.11218071,16.87516975,16.98994064,17.04191971,17.22438049,17.22598076,17.34334946,17.34334946,10.3637846,10.5741328,10.78448099,10.99482919,11.20517738,11.41552557,11.61641992,11.81731426,12.0182086,12.21910294,12.41999728,12.76506286,13.11012844,13.45519401,13.80025959,13.70372963,13.60348034,13.68010998,13.75629044,13.82800961,13.85177994,13.93054962,13.97772026,14.00984955,14.03711987,14.08201981,14.1321497,14.10476494,14.07738018,14.16666031,14.25594044,14.25594044,14.25594044,10.526554818759928,10.563770914427124,10.573714339272925,10.55561996921575,10.56913493039438,10.57922759692362,10.585880945332828,10.600122713762868,10.616050883758994,10.632879642404976,10.661614113993823,10.675205096171295,10.667889386458224,10.660715177848301,10.688930788624608,10.698952226504513,10.745982236403165,10.774331212146684,10.780779447136728,10.737674381031635,10.777577500630159,10.839769807001877,10.840499039509876,10.841399140862798,10.856152695108264,10.865177894188514,10.881274039150817,10.90294158522585,10.919201703598722,10.92746629993762,10.885089803145716,10.916118780892408,10.921254817122062
55.62,56.012,56.231,56.416,56.112,56.565,56.82,57.199,57.6,58.03,58.195,58.107,58.608,59.111,59.191,59.76,59.988,60.224,60.49,60.946,61.157,61.652,62.081,62.42,63.045,63.175,63.89,64.013,64.122,64.74,64.114,63.795,63.945,5.655748717,5.7762367,5.899291515,6.024967843,6.153321534,6.284409625,6.418290368,6.555023256,6.694669052,6.83728981,7.17249012,6.862949848,7.194029808,7.127200127,7.566929817,8.221770287,8.645079613,9.311630249,9.909689903,10.01552963,10.34964466,10.68375969,10.93752003,11.07386971,10.72198963,11.17568016,11.09840012,10.9863596,10.95788002,11.29076004,11.42975998,11.58627987,11.58627987,5.506158276,5.67437085,5.842583425,6.010796,6.179008574,6.347221149,6.452634362,6.558047576,6.663460789,6.768874002,6.874287216,6.937086577,6.999885938,7.062685299,7.125484661,7.188284022,7.266783223,7.345282425,7.423781626,7.502280828,7.580780029,7.372168609,7.163557189,6.954945769,6.746334348,6.537722928,6.329111508,6.120500088,6.224439538,6.328378988,6.432318439,6.432318439,6.432318439,7.724505263888941,7.751663984523888,7.7665647481062425,7.78600731104192,7.793000879174202,7.809743979036455,7.832328951198071,7.849956308693799,7.870769690077622,7.888755664474865,7.896310599421995,7.9234945970863855,7.942164081226722,7.9653055717625225,7.990047838337157,8.033849183612626,8.057971791810791,8.074858935360753,8.138354025811198,8.161014643681092,8.199915164886125,8.292080659431212,8.334543059847503,8.405035395614494,8.384982502278797,8.40590628579372,8.405975019360516,8.452508222008975,8.495088102247903,8.541200930509897,8.576337494572039,8.571448391606843,8.590494123071794
77.296,77.369,77.282,77.654,77.803,77.821,77.957,78.319,78.231,78.35,78.377,78.836,78.969,79.029,79.289,79.59,79.707,79.612,80.049,80.299,80.51,80.547,80.341,80.974,81.007,80.668,81.162,80.85,81.391,81.249,80.909,80.111,80.614,12.61826992,13.21514988,13.24009991,13.17138958,13.38531971,13.39009953,13.50638962,13.69067955,14.39577007,14.34626961,14.74936962,15.11172009,15.75821018,15.87672043,16.24897003,16.97878075,17.114620209999998,16.53709984,16.75245984,16.96781985,17.18317986,17.31554031,17.46416092,17.52424049,17.86989975,18.17227459,18.47464943,18.86384964,19.19458961,19.66389084,19.67380905,20.02638054,20.02638054,7.580366438,7.722380161,7.867054428,8.011728695,8.156402963,8.30107723,8.445751497,8.590425764,8.735100031,8.879774298,9.024448565,9.169122832,9.313797099,9.458471366,9.603145633,9.747819901,10.10496998,10.05718994,10.10492039,10.15659523,10.20827007,10.30519748,10.40212488,10.49905229,10.59597969,10.74370956,10.25430012,10.54285765,10.83141518,11.11997271,11.40853024,11.40853024,11.40853024,10.116825193879972,10.142864351227619,10.144620092203104,10.117144317859648,10.12938240275406,10.142135225401686,10.152396106298276,10.183924671201083,10.21153701997867,10.220781594019957,10.273382870646321,10.311571855224182,10.340013830853081,10.392458757087786,10.432477843167348,10.451969093011323,10.487305179272374,10.509709054888743,10.499748436271611,10.46071609498143,10.403017209214475,10.291979676708563,10.259532380193287,10.233145176984825,10.250962402800388,10.248402177766998,10.243585190156459,10.256306023181681,10.268903264121105,10.290686838258285,10.202576133465962,10.289480963964536,10.353979147884331
62.473,62.725,62.913,63.349,63.726,64.195,64.863,65.536,66.114,66.869,67.446,67.946,68.386,68.797,69.165,69.168,69.812,70.1,70.356,70.641,70.878,71.177,71.463,71.728,71.964,72.103,72.355,72.551,72.726,73.129,71.797,69.237,68.674,6.89961844,6.942571071,6.985791098,7.029280186,7.073040009,7.169149876,7.418882779,7.668615682,7.918348585,8.168081488,8.417814391,8.667547294,8.917280197,9.193762207,9.470244217,9.746726227,10.02320824,10.29969025,10.57704496,10.85439968,11.09412003,11.06177044,10.85068989,10.8308897,10.92879009,10.97344017,10.92856002,10.88367987,10.83879972,10.79391956,10.76720388,10.76720388,10.76720388,3.192767468,3.268137717,3.343507965,3.418878214,3.494248462,3.569618711,3.638708105,3.707797499,3.776886894,3.845976288,3.915065683,3.881567794,3.848069906,3.799302459,3.750535011,3.701767564,3.653000116,3.844273448,4.03554678,4.226820111,4.418093443,4.609366775,4.800640106,4.896299839,5.83698988,4.933569908,5.120502472,5.307435036,5.494367599,5.681300163,5.668648013,5.668648013,5.668648013,8.597491395986124,8.621627427409482,8.640181052747996,8.656304390973775,8.671261503394215,8.69405051309881,8.695245444019966,8.715490121525358,8.744710186866564,8.756995311709922,8.768582035861526,8.77445100551485,8.777958307311572,8.78242675642408,8.789520058101054,8.800417031803516,8.827586140897456,8.86707935131869,8.888996062107331,8.871311423771571,8.87547186038027,8.895342559772205,8.91426922059494,8.930316834469213,8.953482956802866,8.97872844824825,8.99079274232908,9.005512029063635,9.023534929615437,9.049487822002403,9.016803117892117,9.072966835303,9.104581534998951
47.004,47.546,48.363,48.962,49.171,49.866,50.544,51.356,52.049,52.356,52.479,52.662,53.278,53.678,54.117,54.632,55.108,55.553,56.044,56.348,56.72,57.019,57.406,57.791,57.886,58.134,58.763,59.109,59.349,59.72,59.327,58.892,58.985,2.694149971,2.820280075,2.996155024,3.172029972,3.392210007,3.624340057,3.856470108,4.202220082,4.547970057,4.893720031,5.239470005,5.585219979,5.930969954,6.276719928,6.622469902,7.105619907,7.582719803,7.853904724,8.125089645,8.300136566,8.475183487,8.650230408,8.652159691,8.883224964,9.114290237,9.286886149,9.462750484,9.641945134,9.824533166,10.01057884,10.20014763,10.20014763,10.20014763,1.313318515,1.325962177,1.338727563,1.351615845,1.364628206,1.37776584,1.391029954,1.4046821,1.418334246,1.431986392,1.445638537,1.459290683,1.472942829,1.486594975,1.500247121,1.513899267,1.527551413,1.541203558,1.554855704,1.56850785,1.582159996,1.654532492,1.726904988,1.799277484,1.871649981,2.451784968,3.031919956,2.580559969,2.129199982,2.241205475,2.35910296,2.35910296,2.35910296,7.24658889891335,7.23176370110933,7.244492311256172,7.28106044207485,7.29394882571365,7.311489152033986,7.332242405869346,7.35568061465372,7.377450469415512,7.409832957809208,7.417003333239449,7.433835444931688,7.489144679397213,7.500992245082737,7.4983661636850965,7.507105515668526,7.471232858307441,7.51408145406701,7.527575856347803,7.4811779550792075,7.515350873448158,7.536772435224989,7.5728352708567135,7.551725106024528,7.581015454426194,7.610162252028503,7.685960126031627,7.771442811760151,7.776305764070661,7.798272483047495,7.768466216223474,7.722355004085776,7.784958274973142
62.415,62.622,62.787,63.152,63.372,63.136,63.205,63.356,63.9,64.17,64.483,64.788,64.728,64.6,64.93,65.132,65.667,66.254,66.288,66.563,66.743,66.982,67.23,67.473,67.882,68.201,68.384,68.667,68.896,69.124,68.486,65.673,65.989,8.467954444,8.627023927,8.789081511,8.954183327,9.122386559,9.293749469,9.468331411,9.646192852,9.827395399,10.01200181,10.20007604,10.28467396,10.36927189,10.45386982,10.82208014,11.190290450000001,11.04757023,10.90485001,11.0310297,11.01204014,11.40573025,12.06239986,12.13850021,12.2407403,12.34298038,12.45615992,12.56933947,12.68251901,12.79569856,12.9088781,13.02205765,13.02205765,13.02205765,5.273218506,5.343320377,5.413422248,5.483524119,5.55362599,5.62372786,5.701618828,5.779509796,5.857400763,5.935291731,6.013182698,6.067706376,6.122230053,6.265548257,6.408866462,6.552184666,6.69550287,6.838821075,6.982139279,7.125457483,7.268775687,7.412093892,7.555412096,7.6987303,7.842048505,7.985366709,8.128684913,8.272003118,8.415321322,8.558639526,8.627408726,8.627408726,8.627408726,7.620071310063792,7.507841526833909,7.722004160554051,7.922984150738547,8.061612628048232,8.123639132083078,8.269029904100126,8.300839164280575,8.30332881583048,8.308356807480951,8.314810945954331,8.40658740266744,8.49399571772844,8.58441559521647,8.716842118996786,8.795815250362214,8.923747098833916,9.005466056983517,9.039092290636656,9.0777556084141,9.13668939487662,9.183058383431092,9.238020623466992,9.260084209825704,9.327478226214454,9.320758977104244,9.385715096977842,9.406248157405301,9.431144082396488,9.497630048200634,9.860595796181697,10.034221982304267,10.48522567320867
52.975,53.391,53.842,54.35,54.653,55.547,56.154,56.516,57.135,57.961,58.365,58.489,58.855,59.507,58.475,60.415,60.763,61.103,61.332,61.741,46.019,61.623,62.291,62.605,62.987,63.237,63.392,63.854,64.019,64.255,64.052,63.192,63.728,8.003592771,8.101668637,8.200946323,8.301440555,8.403166242,8.506138473,8.610372524,8.715883857,8.822688123,8.930801167,9.040239026,9.151017935,9.263154326,9.376664834,9.491566297,9.607875761,9.725610479,9.844787915,9.96542575,10.08754188,10.21115441,10.3362817,10.46294229,10.59115497,10.71936766,10.84758034,10.97579303,11.10400571,11.11519337,11.12638103,11.13756869,11.13756869,11.13756869,2.680190065,2.78181809,2.883446115,2.985074139,3.086702164,3.188330189,3.297929039,3.407527889,3.51712674,3.62672559,3.73632444,3.843930584,3.951536728,4.059142872,4.166749016,4.274355159,4.364026946,4.453698733,4.543370519,4.633042306,4.722714092,4.824342117,4.925970142,5.027598167,5.129226191,5.230854216,5.306577058,5.3822999,5.458022742,5.533745584,5.609468426,5.609468426,5.609468426,8.188275397760007,8.187238967363395,8.11297266269774,8.037605815144472,7.894459978081538,7.972810472159963,7.9964262622163496,8.003769485890121,8.00614698999145,8.013573089083645,8.001749365150157,7.98021956797269,7.972467171146312,7.988940384591078,7.959641953929135,7.97029290890063,7.977004918519423,8.005794505147959,8.01607295794687,8.057829041011587,7.988956289577973,8.028375699920213,8.019092938574955,8.044641848462314,8.059543768606112,8.05862637957569,8.063311046837843,8.074788151634161,8.076778311303439,8.046406330084315,7.998155195242004,7.966796623226487,7.937986122061521
65.243,65.752,65.991,66.251,66.574,67.139,67.439,67.777,62.721,68.422,68.662,69.006,69.366,69.507,69.796,70.104,70.261,70.376,70.441,70.911,71.088,71.439,71.734,71.963,72.259,72.487,72.588,72.692,72.814,72.881,71.462,70.123,70.728,8.164045768,8.22233963,8.281049728,8.339759827,8.457868512,8.575977198,8.694085884,8.81219457,8.930303256,9.048411942,9.166520627,9.284629313,9.402737999,9.520846685,9.638955371,9.757064056,9.875172742,9.993281428,10.11139011,10.17946529,10.24754047,10.08246517,9.91738987,9.886475411,9.511977939,9.744292656,9.721621449,9.641396204,9.672588739,9.961707633,9.961707633,9.961707633,9.961707633,3.867753515,3.947463658,4.027173801,4.106883943,4.186594086,4.266304229,4.333333212,4.400362196,4.46739118,4.534420163,4.601449147,4.668478131,4.735507114,4.802536098,4.869565082,4.936594065,4.945652036,4.954710007,5.111529946,5.268349886,5.425169826,5.581989765,5.518219948,5.847009897,6.175799847,6.294149876,6.528709888,6.408294916,6.287879944,7.088479996,7.296200514,7.296200514,7.296200514,8.215111642865326,8.146395256740604,8.170559729480383,8.226386234394397,8.198175905630597,8.228104165135603,8.219900006503556,8.250393780330151,8.263189301917425,8.236860489789718,8.274246724285806,8.27164554594833,8.27834672387922,8.291166383760416,8.320661333492954,8.360134283657345,8.398734769688017,8.45211988069087,8.475253202172716,8.4373707420174,8.428180214962266,8.438163746751641,8.444123485708088,8.453464721831631,8.45388747528887,8.482773791473388,8.501062715176811,8.539836051821148,8.544588328991587,8.554110552158125,8.451638940092707,8.534864292348793,8.570090146971578
77.472,77.698,78.015,78.326,78.732,79.15,79.472,79.745,80.137,80.345,80.746,81.111,81.254,81.224,81.412,81.771,82.011,82.231,82.363,82.589,82.993,83.232,83.561,83.806,84.077,84.289,84.539,84.899,85.246,85.273,85.197,85.473,84.315,8.938858703,9.241380787,9.554141271,9.877486659,10.21177518,10.55737719,10.91467557,11.28406617,11.66595824,12.06077486,12.46895345,12.89094623,13.32722071,13.77826023,14.04843044,14.20232964,14.21205997,15.09237957,16.23981094,16.48522949,16.32858086,16.46495056,16.54696083,16.53655052,16.62537003,16.58806038,16.57004929,16.7714901,16.87722015,17.28801918,17.76877022,17.72920036,17.8495903,8.675597279,8.854880333,9.037868309,9.220856285,9.403844261,9.586832237,9.769820213,9.892756176,10.01569214,10.1386281,10.26156406,10.38450003,10.50743599,10.63037195,10.75330791,10.87624388,10.99917984,11.10687494,11.21457005,11.31379032,11.40386009,11.61520004,11.70422681,11.79325358,11.88228035,12.02414989,12.09660006,12.16905022,12.19762993,12.22620964,12.26672967,12.3072497,12.34776974,10.225741938914785,10.261486789861165,10.306357631466751,10.393559862837014,10.435866715151764,10.45380718018501,10.463857205957831,10.504588423442916,10.447984018526421,10.45897322843135,10.507337478022162,10.517320545320795,10.510477929036778,10.553981324800509,10.628824344780003,10.681340143992536,10.763965858956706,10.828900258211055,10.868655383276975,10.809902476962177,10.861461863372044,10.908483313244922,10.904610562036522,10.930931188528305,10.952263974077997,10.96732223469766,10.990465035758344,11.041996206501912,11.071307430882033,11.05527031161889,10.994346719782532,11.068992667383275,11.042689891387484
69.371,69.441,69.167,69.18,69.604,69.969,70.597,71.004,70.918,71.04,71.758,72.394,72.507,72.514,72.906,72.865,73.344,73.432,73.958,74.179,74.519,74.923,75.181,75.681,75.847,75.652,76.155,76.005,76.204,76.454,75.73,74.53,74.958,11.34864044,11.31017017,11.2968502,11.77652025,12.2561903,12.55263996,12.91569042,13.17006969,13.52241039,13.95783043,14.31949997,14.66399956,15.05486965,15.4380703,15.17978001,15.36423969,15.45042992,15.45870018,15.44853973,15.4039402,15.48647976,15.50327969,15.49118996,15.83022022,15.58607006,15.31834984,15.15030003,15.24666023,15.16954994,15.03030014,15.05834961,15.07330036,15.07330036,9.479980469,9.549073133,9.618165796,9.68725846,9.756351124,9.825443788,9.894536452,9.963629116,10.03272178,10.10181444,10.17090711,10.23999977,10.3880899,10.53618002,10.68427014,10.83236027,11.07682776,11.32129526,11.56576276,11.81023026,11.88173008,11.92125034,11.83899975,12.00895977,11.77344036,11.84778976,11.88941002,11.97945499,12.06949997,12.15954494,12.24958992,12.24958992,12.24958992,9.786089384746106,9.643141117131572,9.619446685509132,9.645433063131959,9.673951793272487,9.684472657205314,9.681663678190095,9.6979839380341,9.736290911348627,9.756992869794669,9.810778957174396,9.853124672021426,9.903606949408038,9.9474771203549,9.993196890046658,10.036241422155465,10.078122688925859,10.066979954006273,10.09017675227604,10.047439213162692,10.056627602849373,10.077129384265385,10.076441597538219,10.110521249372068,10.137903001445396,10.173658249672977,10.220001185790384,10.25071507988961,10.305901080639877,10.36690105954904,10.324918061009933,10.39236727090546,10.439850522443644
78.163,77.836,78.618,78.73,79.166,78.224,78.617,78.994,79.453,79.23,79.891,80.704,80.543,80.776,80.979,81.242,81.239,81.351,81.388,81.556,81.7,82.178,82.556,81.929,82.613,82.351,82.03,82.535,82.77,82.404,82.576,82.678,82.815,14.14389992,15.23260021,15.55963993,15.5397501,15.78847027,15.85289955,15.92556,16.35976982,16.79397964,16.77102089,17.02371025,17.05023956,17.55954933,18.24403,17.92898941,18.1415596,18.12881088,17.97085953,18.00515938,17.9835701,18.52272034,18.745090480000002,19.17963982,19.7612896,19.71046066,19.35326958,19.06691933,18.73963928,18.50045967,18.23498917,18.23974037,19.10672951,19.10672951,10.51085085,10.62763808,10.74442531,10.86121255,10.97799978,11.09478701,11.22399841,11.35320982,11.48242123,11.61163263,11.74084404,11.88744928,12.03405453,12.18065978,12.32726503,12.47387028,12.56340524,12.65294021,12.74247517,12.83201013,12.9215451,13.01108006,13.10061502,13.19014999,13.27968495,13.36921992,13.45875488,13.54828984,13.63782481,13.72735977,13.76716995,13.76716995,13.76716995,10.389388068739386,10.382877956899502,10.339952406751674,10.341017564002454,10.360988023297736,10.355600919237524,10.398627899706275,10.447260616638301,10.508570289553715,10.538730431180175,10.565663411771496,10.591636679358531,10.616169830736837,10.61749499550685,10.656223327597969,10.704156030757117,10.720501727441688,10.791204021362931,10.637568504809025,10.579231460589666,10.565818328318853,10.622725240858482,10.660278176505441,10.779695880908486,10.779693474352781,10.823718972091358,10.89216782510606,10.895316493801229,10.928021400101649,10.941162674331935,10.858693749634002,10.871820426971038,10.909406519953594
58.652,59.055,59.452,59.815,60.216,60.596,60.984,61.388,61.792,62.207,62.669,63.091,63.616,64.094,64.524,64.996,65.412,65.788,66.149,66.513,66.909,67.359,67.887,68.46,69.074,69.636,70.117,70.467,70.71,70.91,70.15,67.24,67.744,8.016785911,8.038411685,8.060095796,8.081838401,8.103639658,8.125499725,8.135709763,8.169839859,8.191783269,8.213726679,8.23567009,8.242340088,8.417590141,8.993630409,9.242310286,9.490990162,9.739670038,9.988349915,10.27301979,10.202119829999999,10.51416969,11.07042027,11.31567955,11.36273956,11.70816994,11.81404018,12.22541046,12.07073975,11.40435982,11.35159016,11.72447014,12.009710310000001,12.58370972,2.78157628,2.884945669,2.988315058,3.091684447,3.195053836,3.298423224,3.467573133,3.636723042,3.805872951,3.97502286,4.144172769,4.22122995,4.298287131,4.375344311,4.452401492,4.529458673,4.636586948,4.743715224,4.8508435,4.957971775,5.065100051,5.301909924,5.39910593,5.496301937,5.593497944,5.690693951,5.787889957,6.014425039,6.240960121,6.281380177,6.494880199,6.5327901840000004,6.570700169,7.493284863037061,7.480878129310448,7.513654027548045,7.54046270510537,7.585968135096056,7.640856426875721,7.695468707697865,7.716852495391406,7.758064755184243,7.825422840990533,7.841958199850428,7.873179038146208,7.89449442300979,7.952152219446756,8.011859729414423,8.071843558600644,8.133531836427483,8.196177727786063,8.210588200530944,8.272295353432058,8.335158648869752,8.374629314044908,8.411404826021542,8.459644754350647,8.519514114788697,8.584772788167417,8.643375834150747,8.707147284490526,8.758941264977482,8.787879716223674,8.71434696059132,8.786066959632779,8.846572733959675
63.181,63.537,64.126,64.598,64.856,65.237,65.355,65.733,65.962,66.221,66.433,66.758,67.134,67.413,65.75,67.649,67.914,68.189,68.226,68.494,68.679,68.823,68.973,69.264,69.533,69.699,69.798,69.936,70.338,70.518,68.808,67.57,68.25,10.15548038,9.956439972,9.874369621,9.861129761,10.0645504,10.25559044,10.40863037,10.71074009,10.78509998,10.88426971,10.76461029,10.81116009,10.9467001,11.18869972,11.32516003,11.23674011,11.36719036,12.01272011,11.97515011,12.42794991,12.64494991,12.96133041,13.29708958,13.32936954,13.26311016,13.63879967,13.60601997,13.72858047,13.78658009,13.88083645,13.97573724,13.97573724,13.97573724,3.219540119,3.492958248,3.766376376,4.039794505,4.313212633,4.586630762,4.86004889,5.133467019,5.406885147,5.680303276,5.953721404,6.227139533,6.500557661,6.77397579,7.047393918,7.320812047,7.594230175,7.022429943,7.069019794,7.309589863,7.41217494,7.514760017,7.608673414,7.70258681,7.796500206,7.914480209,7.976150036,8.239589691,8.162039757,8.359274864,8.556509972,8.556509972,8.556509972,8.339151002810912,8.40927101728898,8.461116113380763,8.52105047293149,8.588868185248462,8.64886679554487,8.710643667753123,8.738029084213508,8.553304979944564,8.529110441466443,8.566241680693055,8.618754468157054,8.656440692967665,8.680932843518901,8.709513443405339,8.749358985538159,8.796261232852885,8.846205357635986,8.897392925994462,8.9304838927402,8.985502447396978,9.031565299286534,9.077612099963948,9.11797990860768,9.151872728963736,9.18896919767509,9.22876554415376,9.268157895222464,9.310656461282058,9.34992583443185,9.32416417933289,9.352830252750381,9.396451857907287
64.367,66.459,66.776,67.139,67.468,67.785,68.07,68.359,68.73,69.297,69.691,69.955,70.445,69.823,71.37,71.838,72.276,72.772,72.624,72.698,73.069,73.679,74.186,74.449,74.782,75.124,75.6,75.971,76.195,76.103,74.832,73.875,74.556,10.80354888,10.89911541,10.99552731,11.09279205,11.19091718,11.28991032,11.42303514,11.55615997,11.6892848,11.82240963,11.79728985,12.14344978,12.13387012,12.28151989,12.0468998,12.03252029,12.30601025,12.49221992,13.06793022,13.27254009,13.46039009,13.95835018,15.37275028,15.21718979,15.11425972,14.88681984,14.55496025,14.43960953,14.3321298,14.22465007,14.11717033,14.11717033,14.11717033,5.738566289,6.021415054,6.304263819,6.587112584,6.869961349,7.152810114,7.413901281,7.674992449,7.936083617,8.197174784,8.458265952,8.678561625,8.898857298,9.11915297,9.339448643,9.559744316,9.869790077,9.630650043,9.39151001,9.551324844,9.711139679,9.798224926,9.885310173,10.04448032,10.11600018,10.21497011,10.31394005,10.42034294,10.52784353,10.63645314,10.74618321,10.74618321,10.74618321,9.152552879860922,9.23575994368237,9.243462428958132,9.221995520089369,9.196036858312723,9.206093976487066,9.25502510610269,9.256578014565742,9.263037610722481,9.270039569013283,9.309834083142544,9.317035995480754,9.385621783333253,9.458143231911558,9.48062625128514,9.495560614860722,9.531537158566652,9.598266792541528,9.587678127656158,9.579759490053776,9.62262335148934,9.636667102003287,9.592257568157441,9.562227994355524,9.590160125813055,9.548287182307579,9.61487390763878,9.62785659153081,9.59552048570787,9.561210177959474,9.541472565197008,9.580362153587897,9.600375248678217
58.435,62.519,66.708,66.897,66.744,66.464,66.391,65.837,65.486,66.182,66.817,67.034,67.084,65.643,65.031,64.844,63.587,63.553,64.942,66.446,67.062,67.659,68.023,68.253,68.914,69.44,68.988,70.413,71.514,71.576,69.123,70.378,71.336,7.300449555,7.405083679,7.511217477,7.618872444,7.728070382,7.838833406,7.951183948,8.06514476,8.180738923,8.297989845,8.340339661,8.612099648,8.883859634,9.155619621,9.427379608,9.659049664,9.89071972,10.12238978,10.35405983,10.58572989,10.81739994,11.04907,11.17834286,11.30761571,11.43688857,11.56616143,11.69543429,11.82470714,11.95398,12.08762083,12.22275571,12.22275571,12.22275571,3.579930663,3.799888785,4.019846907,4.239805029,4.459763152,4.679721274,4.874990219,5.070259164,5.26552811,5.460797055,5.656066,5.738294667,5.820523333,5.9027520000000004,5.984980667,6.067209333,6.149438,6.226963,6.304488,6.382013,6.459538,6.537063,6.558606861,6.580150722,6.601694582,6.623238443,6.644782304,6.666326165,6.687870026,6.749874486,6.811878947,6.811878947,6.811878947,8.875302203207951,7.782985395785085,7.9973297540398836,8.344999678634027,8.248936411287898,8.014327665507588,8.386197380799269,8.547172793070454,8.817969710813836,8.943077420017568,8.936687495074771,8.926817015398958,8.811054969245356,8.40096766314028,8.805420145243197,8.810529603318399,8.854203889469641,8.884994540579301,9.009122918635848,9.001129650062717,9.018758835399915,9.043870664068018,9.136187190031283,9.15291491340061,9.11861047316011,9.138797875527521,9.243159514691921,9.200298100736626,9.200497820695588,9.233727093237128,9.07672922394271,9.069264171246736,9.115135378109624
74.842,75.031,75.428,75.294,75.801,75.478,75.83,75.98,76.189,76.094,76.542,77.109,77.6,78.111,78.513,78.916,79.152,79.555,79.763,80.046,80.523,80.633,80.752,80.968,81.307,81.416,81.55,81.917,82.086,82.259,82.47,81.998,82.716,12.67891026,12.74100018,12.93768978,13.40929985,13.76459026,13.86139011,13.90684986,13.98873043,16.49492073,16.32534027,16.4296093,16.56286049,16.80606079,16.98218918,17.24028015,17.23913956,16.97068977,17.01375961,17.26186943,17.03665924,17.46286964,17.93795967,17.95647049,18.06964493,18.18281937,18.70903015,18.79326057,18.70528984,19.75616074,18.94522095,18.83966064,19.12610054,19.12610054,6.995905683,7.243639946,7.500146806,7.756653666,8.013160527,8.269667387,8.526174247,8.782681108,9.039187968,9.295694828,9.552201688,9.808708549,10.06521541,10.32172227,10.57822913,10.83473599,11.09124285,11.34774971,11.42160988,11.49547005,11.56933022,10.99995995,11.07233159,11.14470323,11.21707487,11.28944651,11.36181815,11.4341898,11.50796839,11.58222303,11.6569568,11.6569568,11.6569568,10.110739491618478,10.128393604932395,10.141799738218047,10.167878669242462,10.224571306836983,10.304432414373824,10.373306410962787,10.45354862982753,10.52028654568673,10.584026599572391,10.6590379177433,10.673659389569814,10.696345806338154,10.737376666427544,10.790798508212799,10.827413678259227,10.861171051560845,10.871399536313888,10.805833541450504,10.709373396606589,10.727556904348694,10.701670639774106,10.6889066025885,10.735307781972264,10.813007411698983,10.915759626934513,10.98238795797069,11.034960423943042,11.081620030696616,11.122126137831208,11.143437526227217,11.276602585841282,11.379022733808084
77.194,77,76.869,77.45,77.689,77.635,78.279,78.272,78.44,78.697,78.928,79.345,79.259,79.624,80.147,80.217,80.506,80.665,81.055,81.576,81.744,81.727,81.735,82.115,82.224,82.1,82.485,82.719,82.823,82.812,82.36,82.255,82.601,12.10217953,12.33714008,12.53806496,12.73898983,12.90746498,13.07594013,13.21335983,13.7025067,14.19165357,14.68080044,14.3139801,14.37794971,14.89109039,14.77112961,14.66952038,14.64525986,14.57705021,14.7148304,14.56844997,14.84815025,15.04463959,15.04598045,15.0644598,15.10923004,15.09504986,15.04730034,14.90981007,14.92461014,14.85824013,14.78419018,14.8323698,15.02984047,15.02984047,9.903128995,9.969568845,10.0360087,10.10244855,10.1688884,10.23532825,10.30715511,10.37898197,10.45080884,10.5226357,10.59446257,10.63935436,10.68424615,10.72913794,10.77402973,11.27696466,11.7798996,12.38459969,12.42374992,12.46290016,12.4951601,12.5978899,12.68892002,12.80438042,12.91596985,12.9602499,13.05535211,13.15115217,13.24765522,13.3448664,13.44279092,13.44279092,13.44279092,9.980545047353784,10.03604920843044,10.08082325559262,10.094844979699936,10.139758474839851,10.17456764702711,10.20209490245584,10.21017622266892,10.227565630051252,10.225018591518516,10.262040153423225,10.263214561233218,10.247226422750785,10.243609525402706,10.279820130465902,10.322691178863963,10.363811319908038,10.407164925928047,10.404167367709421,10.384305102505222,10.426502733166872,10.467259307891394,10.462312296249982,10.49197476838401,10.52505986308227,10.52715163995226,10.55120517362626,10.577734623713052,10.602683227766372,10.619364633264967,10.57959443996944,10.639556749984994,10.682543063933082
76.991,76.989,77.364,77.652,77.872,78.116,78.437,78.733,78.806,79.204,79.607,79.886,80.114,80.193,81.02,81.023,81.417,81.503,81.647,81.763,82.137,82.235,82.259,82.66,82.908,82.525,83.049,82.728,83.185,83.552,82.395,82.85,84.057,12.96341991,13.15884018,13.53209972,13.82783031,14.36686993,14.54401016,14.72264957,14.98873997,15.09490967,15.09480953,15.08230972,15.40861988,15.64842033,15.91217041,16.06411934,16.1909008,16.31431007,16.38703918,16.35210037,16.28161049,16.23369026,16.38994026,16.17141914,15.97961044,15.96397972,15.95431995,15.95259953,16.14862061,16.28807068,16.37994003,16.53091049,16.65806007,16.65806007,7.439056506,7.569673685,7.700290864,7.830908042,7.961525221,8.0921424,8.224800472,8.357458544,8.490116616,8.622774688,8.75543276,8.841150284,8.94881773,9.056485176,9.164152622,9.271820068,9.389100075,9.531259537,9.650380135,9.732089996,9.82297039,9.897959709,10.02369976,10.12277985,10.22185993,10.3059597,10.39278984,10.47961998,10.56645012,10.65328026,10.7401104,10.7401104,10.7401104,10.494202234664511,10.507010736094125,10.513121575287458,10.5063353109512,10.525881777498014,10.557649935312572,10.572426489573813,10.595217755407194,10.61190839607891,10.631486943702326,10.666351116485155,10.68586470447578,10.685482107984596,10.682047364501939,10.692928895903027,10.699404822093978,10.716511886334644,10.723055289953178,10.696893612861095,10.646550123484777,10.658986199763211,10.66392467692444,10.632263281470784,10.60157846966759,10.594157228865395,10.595849847403871,10.620228532456146,10.640961946671872,10.657511774581394,10.671330812066788,10.586244558695913,10.665597492763002,10.698382270175104
72.304,72.186,72.189,71.921,71.739,71.549,71.488,71.207,70.99,70.968,70.944,70.758,70.888,70.806,70.86,71.044,71.199,71.418,71.612,72.124,72.622,73.094,73.433,73.412,72.982,72.394,72.02,71.911,71.793,71.767,71.869,70.5,70.629,11.20173568,11.1233902,11.04559267,10.96779513,10.8899976,10.81220007,10.73440254,10.65660501,10.57880747,10.50100994,10.10260963,10.83096981,10.98361015,10.3431797,11.61485004,11.84745026,12.46077029,13.07409032,13.68741035,13.70538044,13.25212002,13.33304024,13.13263988,12.93223953,12.89050484,12.84877014,12.77001058,12.6917338,12.61393683,12.53661674,12.45977059,12.45977059,12.45977059,6.683423858,6.766069889,6.849737906,6.933405924,7.017073941,7.100741959,7.184409976,7.268077993,7.351746011,7.435414028,7.519082046,7.602750063,7.68641808,7.770086098,7.853754115,7.937422132,8.02109015,8.104758167,8.188426185,8.272094202,8.355762219,8.439430237,8.525680986,8.612813215,8.700835933,8.789758241,8.879589332,8.970338495,9.062015112,9.154628661,9.248188719,9.248188719,9.248188719,9.112880097403826,9.114614485637869,9.134540643886949,9.148152293955048,9.157960291882501,9.17379828650242,9.166782069051383,9.140542082262748,9.118579412610812,9.118737264161947,9.117273640239285,9.121235946305768,9.122208417119081,9.15462254587362,9.16418224423292,9.169505079242507,9.194527193707188,9.205319643385458,9.206271217786378,9.143505674455533,9.142442594155224,9.157254795990035,9.167845304795907,9.158816166720243,9.163555659588386,9.159229091654646,9.158034751780777,9.179949318251428,9.187646817215093,9.206126464124438,9.094742869713354,9.140809567329129,9.179316341710146
78.984,79.252,79.292,79.434,79.824,79.67,80.349,80.572,80.64,80.608,81.176,81.509,81.795,81.856,82.131,82.012,82.376,82.554,82.638,82.974,82.919,82.676,83.175,83.411,83.653,83.893,84.066,84.198,84.297,84.426,84.688,84.784,84.82,13.3987999,13.53038025,13.63418961,14.09312487,14.55206013,14.6657896,14.74849319,14.83119678,14.91390038,14.95662022,14.98795945,15.01929869,15.05063793,15.08197716,15.1133164,15.14465564,15.17599487,15.20733411,15.23867335,15.27001258,15.30135182,15.33269106,15.36403029,15.39536953,15.40052986,15.41378021,15.37705994,15.386159899999999,15.39982986,15.44126987,15.45631981,15.45631981,15.45631981,11.6402998,11.68477979,11.72925978,11.77373977,11.81821976,11.86269975,11.90717974,11.95165973,11.99613972,12.04061971,12.0850997,12.12957969,12.17405968,12.21853967,12.26301966,12.30749965,12.35197964,12.39645963,12.44093962,12.48541961,12.5298996,12.54383268,12.55776577,12.57169886,12.58563194,12.59956503,12.61349812,12.6274312,12.64136429,12.65529737,12.66923046,12.66923046,12.66923046,10.40715257749741,10.438087807383681,10.44483192473523,10.437229179949687,10.444347950008552,10.468156805893427,10.500419816716013,10.508861213112878,10.492603177867906,10.487336313227688,10.51512091787425,10.517680048352531,10.514778617066037,10.529420443012944,10.553836510038588,10.574367223090931,10.591676997057096,10.608972088727509,10.592017889606781,10.532219037748439,10.573482914585117,10.57762543251802,10.591407233497396,10.619091403194922,10.625958176089405,10.645129374317186,10.64906908461775,10.6684302998608,10.67704370591711,10.675361375289066,10.632140441898434,10.66914575795081,10.683817982543953
69.854,70.093,70.316,70.518,70.699,70.87,71.064,71.272,71.474,71.694,71.918,72.147,72.359,72.573,72.772,72.932,73.145,73.373,73.591,73.801,74,74.189,74.366,74.562,74.789,75.011,75.215,75.502,75.774,76.044,75.184,74.256,74.215,11.38271999,11.68529034,11.97716999,12.00277042,11.92829037,11.98447037,12.04065037,12.08108521,12.12152004,12.16195488,12.20238972,12.25586462,12.30933952,12.44591999,12.55381012,12.41283989,12.38002968,11.4909296,11.74540043,11.65133524,11.55727005,11.56589031,11.91063976,11.99786529,12.08572961,12.17423738,12.26339332,12.35320218,12.44366874,12.53479782,12.62659427,12.62659427,12.62659427,5.005190277,5.283574193,5.56195811,5.840342026,6.118725942,6.397109859,6.589690513,6.782271168,6.974851822,7.167432477,7.360013131,7.506832046,7.653650961,7.800469875,8.145095825,8.489721775,8.834347725,9.178973675,9.523599625,9.56456995,9.605540276,9.759554454,9.913568633,10.06758281,10.22159699,10.37561117,10.52962535,10.68363953,10.3508997,10.39878988,10.44668007,10.44668007,10.44668007,8.899637584397581,8.877032314436185,8.985673919761831,8.990584964913365,8.994635806047018,9.0235773243082,9.013060426031144,9.032699845245821,9.047490254700612,9.058622867774778,9.092441311276655,9.128882944633519,9.15376387221492,9.176755092384662,9.24494149566096,9.299809180506012,9.313324903918897,9.338001800144658,9.375385713156685,9.399574332134119,9.377338444916875,9.377827023684118,9.38425990878151,9.347671291373251,9.261512925524851,9.194074669881143,9.169057693544888,9.167562407251129,9.163374423108797,9.16499133584853,9.125085180389837,9.12474726011838,9.137210544252415
64.876,64.488,64.159,64.198,63.963,63.722,63.633,63.711,63.812,63.985,64.178,64.368,64.269,64.554,64.857,65.117,65.627,65.928,66.702,67.279,68.116,68.745,69.129,69.814,70.333,70.727,70.898,71.396,71.472,71.567,70.03,69.362,69.489,12.20178986,12.06552029,11.90870953,11.66178465,11.41485977,11.55536385,11.69586792,11.83637199,11.97687607,12.11738014,12.23789978,12.63942146,13.04094315,13.44246483,13.84398651,14.24550819,14.64702988,14.60829234,14.56955481,14.53081727,14.49207973,14.70116043,14.78635025,14.57437038,14.39548969,14.19941998,14.10587025,14.21605015,14.35060978,14.58216,14.81626987,14.81626987,14.81626987,7.497319287,7.724567226,7.951815165,8.179063103,8.406311042,8.633558981,8.858944231,9.084329482,9.309714733,9.535099983,9.782702446,10.03030491,10.27790737,10.52550983,10.7731123,11.02071476,11.26831722,11.51591969,11.26464462,11.01336956,11.17743635,11.34150314,11.50556993,11.66963673,11.83370352,11.99777031,12.06853676,12.13930321,12.21006966,12.32121841,12.43337895,12.43337895,12.43337895,9.544514981787605,9.420972008316223,9.36339872657626,9.267799362582853,9.144866877887592,9.078319439403737,9.095634735827334,9.125133390340222,9.123826182931777,9.143104704059478,9.209694612918677,9.352009974479722,9.454468479284564,9.527681538970164,9.599586773704448,9.641874199713905,9.69997448870289,9.756994432781294,9.727895765557387,9.785219948745567,9.796808082440188,9.812692475098853,9.86355991577122,9.955556800818572,9.987503457367,10.049183527575181,9.999028776556774,10.005948066751666,10.006578181449154,10.033925861129436,10.056368522050875,10.025781208476735,10.025120894684376
58.614,58.005,57.259,56.617,56.273,55.617,55.161,54.816,54.526,54.495,54.411,54.508,54.99,55.601,56.361,57.344,58.222,58.865,59.614,60.365,60.649,61.046,61.115,61.389,61.816,61.892,62.163,62.481,62.676,62.943,62.675,61.427,62.055,7.874494036,7.946765161,8.019699581,8.093303384,8.168958679,8.244613974,8.320269269,8.395924564,8.471579859,8.431369935,8.391160011,8.470129967,8.231349945,8.804689884,9.378029823,9.427020073,9.734280109,10.04154015,10.32814503,10.61474991,10.66118386,10.70761782,10.75405178,10.80048573,10.84691969,10.93651341,11.02610713,11.11570085,11.20529457,11.29488829,11.38448201,11.38448201,11.38448201,3.840729596,4.010052084,4.179374571,4.348697059,4.518019546,4.687342034,4.8360154380000004,4.984688841,5.133362245,5.282035649,5.430709053,5.546343922,5.661978792,5.777613661,5.893248531,6.0088834,6.085285011,6.161686621,6.238088231,6.314489841,5.818039894,6.059886561,6.301733229,6.543579896,6.785426564,7.027273231,7.269119898,7.510966566,7.752813233,7.994659901,7.686359882,7.686359882,7.686359882,8.169330591606812,8.147221851174535,8.11060071156329,8.063977345073289,8.070501447556596,8.100960470576036,8.13041714876552,8.113416169089195,8.122538871683249,8.11339924513895,8.093291039248532,8.09927014514105,8.076220483282073,8.073739484989465,8.09585179373786,8.131068881918976,8.161777528535897,8.196744537862486,8.172642326615449,8.038569885345247,8.097485074410965,8.144822280610903,8.15495795164402,8.16076364593627,8.191022247539012,8.230919607112492,8.339876525475358,8.350155754232683,8.388786758010474,8.417974849927022,8.393817507365316,8.448014397003833,8.477977472186486
71.94,72.421,72.956,73.283,73.611,73.941,74.276,74.971,75.464,76.003,76.466,77.27,77.543,77.547,78.006,78.519,79.075,79.48,80.044,80.576,80.763,81.21,81.347,81.864,82.378,82.561,82.926,83.285,83.343,83.656,83.609,83.698,84.024,12.95363998,13.19594955,13.35581017,13.73884964,13.98118019,14.27350044,14.66940975,15.26414013,15.01350975,15.30259037,15.53610992,15.63733006,15.80494022,15.97859955,16.16551018,16.36128998,16.47963905,16.62828064,16.69165039,16.72352028,16.7948494,16.83992004,16.75774956,16.68445015,16.61566925,16.57014084,16.488170620000002,16.42491913,16.38441086,16.37698936,16.37731934,16.50964928,16.50964928,9.27328968,9.418097687,9.562905693,9.707713699,9.852521706,9.997329712,10.12222176,10.2471138,10.37200584,10.49689789,10.62178993,10.74614601,10.87050209,10.99485817,11.11921425,11.24357033,11.15105033,11.05853033,10.96601033,10.87349033,11.6382103,11.73383427,11.82945824,11.92508221,12.02070618,12.11633015,12.21428586,12.31303351,12.41257949,12.51293027,12.61409234,12.61409234,12.61409234,9.44472582920623,9.537175010066948,9.586568243901562,9.642907308507409,9.72012697094281,9.800568188729967,9.867222605239897,9.915713642873271,9.847328582556322,9.951230861324577,10.034561624419577,10.074247253338356,10.146069766880343,10.17212824396275,10.220683532653746,10.255336211575775,10.305667745546916,10.357377552078015,10.382250888901039,10.383221192264797,10.44707677671679,10.480052552468337,10.502611746303259,10.52536586375776,10.549129277884578,10.569991174384828,10.59562357079374,10.624356151536695,10.648582422270643,10.671662743706015,10.663292947657864,10.707942088946014,10.736971601473948
73.281,74.216,75.691,75.794,75.763,75.537,75.618,75.879,76.157,76.416,76.722,76.891,76.982,76.985,76.792,76.903,76.887,77.017,77.145,77.442,77.982,78.464,78.812,79.164,79.445,79.562,79.701,79.781,79.722,79.685,76.92,78.673,80.264,8.914629936,8.509994984,8.105360031,7.967619896,9.732179642,11.67164993,12.07579041,11.66936016,11.90672493,12.1440897,12.26894999,12.39381027,12.92938519,13.4649601,13.71343994,13.71689692,13.72035389,13.72381086,13.72726784,13.73072481,13.73418179,13.73763876,13.74109573,13.74455271,13.74800968,14.66771984,14.86691962,15.06882469,15.2734718,15.48089819,15.6911416,15.6911416,15.6911416,5.641944529,5.678806599,5.715668668,5.752530738,5.789392807,5.826254877,5.904074801,5.981894726,6.05971465,6.137534575,6.215354499,6.194875572,6.174396644,6.153917717,6.133438789,6.112959862,6.135809898,6.217239857,6.426829815,6.637987375,6.849144936,7.060302496,7.271460056,6.68321991,6.877979994,7.072740078,7.132780075,7.192820072,7.216040134,7.328022618,7.441742908,7.441742908,7.441742908,10.908553099711538,10.660022788639317,10.906171772045596,11.08212559642639,11.139166709620708,11.206817349535164,11.191156041514175,11.217959393424012,11.237334898462176,11.140761650829129,11.163241580953068,11.104427964052816,11.059181305287334,11.176603958928592,11.280031423753318,11.349353845353289,11.384039280469915,11.364099986754848,11.300363972154976,11.166834859204663,11.106447420565269,11.117987757366627,11.101700029084121,11.065001577446205,11.05088547203006,11.003066144349605,10.994009535424748,10.964526570458862,10.936630485374444,10.90790434044766,10.829822028920061,10.871842498832606,10.946044022576837
64.272,64.28,64.052,63.822,63.748,63.927,64.276,64.585,65.114,65.582,65.398,65.763,65.862,66.186,66.297,66.385,66.778,67.006,67.249,67.784,68.254,68.578,68.993,69.217,69.886,69.996,70.276,70.588,70.728,71.23,69.629,69.977,70.484,11.89770031,11.66786957,11.42310047,11.02869034,10.63169003,10.29623985,10.29428005,10.57585684,10.85743364,11.13901043,11.43684006,11.74946976,11.81803989,12.03870964,11.98087978,12.04775047,12.17378998,12.2362299,12.23172998,12.22723007,12.22686958,12.21994972,12.44661045,12.63895988,12.67103004,12.61999035,12.67278957,12.51733971,12.44713974,12.48703003,12.63446045,12.99493027,12.99493027,9.171267886,9.286980145,9.402692403,9.518404662,9.63411692,9.749829178,9.884826813,10.01982445,10.15482208,10.28981972,10.34707279,10.40432587,10.46157894,10.51883202,10.57608509,10.63333817,10.69059124,10.74784431,10.80509739,10.86235046,10.96170372,11.06105698,11.16041025,11.25976351,11.35911677,11.45847003,11.55782329,11.65717655,11.75652981,11.85848279,11.96131992,11.96131992,11.96131992,8.548453713260823,8.450734169590557,8.291900617606434,8.120063451305493,7.87408158280246,7.805116347975776,7.864534565343598,7.92877226649375,7.925412932602865,7.931050584989051,7.968431123283993,8.0348315448996,8.029304149890528,8.090107559935648,8.130495478465736,8.129831523980444,8.16997810248007,8.2463668374065,8.288655068027786,8.307432104145107,8.26609629444511,8.260271889814362,8.333377853967285,8.384759080900306,8.420744759348525,8.44090937518355,8.446596794612336,8.477044367349235,8.51331265466327,8.467295400334534,8.426431577324486,8.421208453688866,8.472549747366592
53.713,54.46,54.952,55.435,55.749,56.385,56.891,57.292,57.665,57.873,58.378,59.07,59.534,60.031,60.293,60.98,61.493,62.084,62.603,63.273,63.973,64.736,65.355,65.718,66.361,66.67,67.167,67.434,67.634,68.138,68.497,68.061,68.999,6.493869781,6.573736509,6.653603236,6.733469963,7.006539822,6.697710037,7.272669792,7.483970165,7.761219978,7.882800102,7.925909996,7.976659775,8.296759605,8.68212986,8.880860329,9.123129845,9.225119591,9.382089615,9.553330421,9.830570221,10.04775047,10.45347023,10.52556038,10.78007984,11.03997993,11.17383957,11.09759998,10.95283031,10.63360023,10.50666046,10.18749046,10.18749046,10.18749046,3.365593212,3.470155332,3.574717451,3.67927957,3.783841689,3.888403808,3.960290265,4.032176722,4.104063179,4.175949636,4.247836093,4.31972255,4.391609007,4.463495464,4.535381921,4.607268378,4.681333212,4.755398047,4.829462881,4.903527716,4.97759255,5.077797914,5.178003279,5.278208643,5.378414007,5.478619371,5.572289603,5.665959835,5.759630067,5.853300299,5.94697053,5.94697053,5.94697053,7.5594525543855315,7.573459833679025,7.600031855176057,7.630241932392889,7.677786619019188,7.7228949257678154,7.765811249821298,7.790898111251462,7.806785616402073,7.872980501372081,7.886641071822972,7.928403432663658,7.981808157479706,8.006955806603784,8.076812314211875,8.145223034953164,8.087828788757715,8.260711821223289,8.307652444525374,8.384143358023454,8.410626466803016,8.468720193514267,8.53903995196931,8.608462209076723,8.678358272935277,8.733923669424401,8.788147719385556,8.82917761997677,8.884540832248856,8.9073983635006,8.923190940845824,8.942032467070955,8.954781751468401
69.196,69.17,68.74,67.231,66.233,67.015,68.933,69.309,69.163,69.913,70.252,70.07,70.351,70.624,70.925,70.778,70.877,71.057,72.036,72.754,72.954,73.693,73.745,74.183,74.432,74.685,74.754,74.805,75.001,75.534,75.453,73.579,75.927,12.65927029,12.52396011,12.27167988,11.73342037,11.35453987,11.36966991,11.65540981,12.15748024,12.87520027,13.67022991,14.19244003,14.88010025,15.35857964,15.72097015,16.10833931,16.40514946,16.4289608,16.32666016,16.32238007,15.93803978,15.81033039,15.79568958,15.62761974,16.07962036,16.07192993,16.09433937,16.26151085,16.47373009,16.56105042,16.54171944,16.49007988,16.55606079,16.55606079,9.157942743,9.480166654,9.802390565,10.12461448,10.44683839,10.7690623,10.909581,11.0500997,11.19061839,11.33113709,11.47165579,11.63640185,11.80114791,11.96589397,12.13064003,12.2501297,12.29691982,12.17078972,12.35105991,12.45602989,12.56455994,12.6059103,12.70405006,12.80914974,12.85737991,12.87024021,12.93480968,13.05903006,13.18325043,13.25271988,13.33330305,13.33330305,13.33330305,9.829945510137026,9.72292496265245,9.286291089017872,9.13242002068517,9.150127930514254,9.17676000378453,9.212630875768404,9.308076036095624,9.378124028744578,9.39772943972035,9.4707891546176,9.549133132669027,9.627949776032388,9.712156155355167,9.78711791437525,9.909934777444548,10.017677341094428,10.114890488157183,10.109875197646323,10.052733010409,9.9705112447950075,10.003088249892196,10.077610927130047,10.112969187417228,10.144756033225509,10.185105610460138,10.22088188414366,10.261218909174419,10.294172642303984,10.32776807891453,10.327527829038573,10.35592213025961,10.376080982850205
59.398,59.193,58.555,57.991,58.018,56.723,55.232,53.594,51.783,50.081,48.427,46.849,45.595,44.53,43.711,43.233,42.914,43.123,43.566,44.034,45.596,46.692,47.835,49.002,50.033,51.101,52.264,53.064,53.733,54.173,54.693,53.062,53.036,8.905960083,9.011739731,8.964779854,8.696909904,9.00813961,9.087889671,8.989769936,8.938233376,8.886696815,8.835160255,9.67057991,9.886770248,10.07229996,10.47169971,10.63400507,10.79631042,11.01117039,11.1377786,11.26438681,11.39099503,11.51760324,11.64421145,11.77081966,11.41275024,11.35643005,11.20116997,11.26364994,11.32612991,11.24027453,11.15506995,11.07051125,11.07051125,11.07051125,4.10912389,4.192011797,4.274899704,4.35778761,4.440675517,4.523563424,4.618796338,4.714029252,4.809262167,4.904495081,4.999727995,5.207829548,5.415931101,5.624032655,5.832134208,6.040235761,5.825079918,5.680554867,5.536029816,5.701013851,5.865997887,6.030981922,6.195965958,6.360949993,6.525934029,6.690918064,6.8559021,7.020886135,7.185870171,7.363274601,7.545058784,7.545058784,7.545058784,7.725200230817061,7.686989710408671,7.687281590539663,7.693785754114024,7.6839936096820605,7.68984181137656,7.726947973827275,7.777414621095722,7.924245708371551,7.9307205200863216,7.90992171985241,7.89884963867121,7.9099393598855166,7.9472746159155765,7.941205682128129,7.899265646254829,7.902435111829411,7.9999701973775075,8.026906419618156,7.968341163559224,7.99406248435573,7.968239972958558,7.988018018364682,7.9834173928996455,7.964972454762364,7.992890184691837,8.027496860614667,7.979668342700889,7.945174809954349,7.945994018562416,7.916112174160655,7.9089595527945615,7.904235709818387
69.423,69.82,70.232,70.42,70.706,71.09,71.284,71.129,71.079,71.058,70.68,70.861,71.004,71.132,71.49,71.592,71.724,71.863,72.269,72.356,72.374,70.071,72.247,72.34,71.511,71.698,71.756,72.482,72.794,72.463,72.472,71.911,72.151,16.67563061,16.62977335,16.5840422,16.53843681,16.49295684,16.44760193,16.40237174,16.35726594,16.31228418,16.26742611,16.2226914,16.17807971,16.1335907,15.80348969,15.696056,15.58862231,15.48118862,15.37375494,15.26632125,15.15888756,15.05145387,14.94402019,14.8365865,14.72915281,14.62171912,14.51428544,14.40685175,14.29941806,14.19198437,14.08455069,13.977117,13.977117,13.977117,3.81,3.986,4.162,4.338,4.514,4.69,4.868,5.046,5.224,5.402,5.58,5.752,5.924,6.096,6.268,6.44,6.614,6.788,6.962,7.136,7.31,7.56,7.81,7.807726512,7.805453023,7.803179535,7.800906046,7.798632558,7.791957182,7.785281806,7.77860643,7.77860643,7.77860643,10.201501888217402,10.322379363031876,10.271532854404247,10.21126526817427,10.209264652149784,10.16668981924318,10.169449028887406,10.204148172966846,10.15399386860452,10.143106949421963,10.144968808474983,10.128704724412389,10.115505631861215,10.23786064821608,10.245687719980928,10.336878677218463,10.400128006824305,10.435784664099163,10.408681650082933,10.343935774187683,10.372960479109109,9.701977535330895,10.353285266232158,10.126970474257686,9.88388286687821,9.875308751195178,9.837972986154668,10.113552115953873,10.167593467142435,10.042998990494196,9.67428189560799,9.914811983930086,9.890988138318786
71.008,70.566,70.443,68.991,68.911,69.327,70.231,70.913,71.189,71.563,72.089,71.79,71.801,72.144,72.228,71.742,71.577,71.537,72.417,73.177,73.424,73.926,74.203,74.312,74.843,74.61,74.882,75.44,75.677,76.212,75.068,73.72,74.293,12.74308968,12.52606964,12.04401016,11.60953999,11.43422031,11.58563995,11.9837904,12.49730968,12.9811697,13.58395958,14.49923992,15.09012985,15.63140965,16.21151924,16.39171028,16.7774601,17.09894943,17.08245087,17.09845924,17.18757057,17.12297058,17.16068077,16.95055962,16.85629082,16.69989967,16.670200349999998,16.71729088,16.85014915,16.77666092,16.48349953,16.37162018,16.39982986,16.39982986,9.163519754,9.336793582,9.51006741,9.683341238,9.856615066,10.02988889,10.21427002,10.39865114,10.58303227,10.76741339,10.95179452,11.13617564,11.32055677,11.50493789,11.68931902,11.87370014,12.01453018,12.15880966,12.2985096,12.32283974,12.45812035,12.57373047,12.56449986,12.58769035,12.8023901,12.95541,13.10509968,13.18838978,13.29162661,13.39486345,13.49810028,13.49810028,13.49810028,9.790502971298528,9.73154151183485,9.493127550206282,9.317194252509408,9.21824511501076,9.25277093190114,9.301088945273547,9.379557849125062,9.456135921779895,9.451818197004469,9.503572333016123,9.582351514433991,9.66318215622628,9.762358784229848,9.841058313032503,9.9385543124596,10.022784381828545,10.120959968115999,10.164073790327532,10.068510585548047,10.077377985834309,10.135786838303307,10.185038882708685,10.239351274049572,10.292883364307608,10.297274293532782,10.334889588834109,10.390261178534248,10.444706584532105,10.488411748925952,10.49413152145442,10.54150429364294,10.548789064600143
75.605,75.833,75.388,75.942,76.466,76.705,76.597,76.889,77.002,77.621,77.811,78.161,78.361,77.768,79.22,79.401,79.415,79.477,80.472,80.613,80.573,80.766,80.982,81.366,81.734,81.838,82.053,81.734,81.803,82.143,81.433,82.629,82.591,10.49890687,10.79678407,11.1031127,11.41813256,11.74209023,11.80346966,12.15493011,12.32374001,12.71479034,13.49341965,13.41460991,13.30146027,13.43264008,13.41771984,13.35352993,13.28934002,13.22515011,13.28186989,13.33858967,13.60389471,13.86919975,13.92474508,13.98029041,14.02516365,14.07003689,14.11491013,14.16722965,14.10188961,14.14490032,14.18776035,14.19941044,14.19705009,14.19705009,8.820647886,8.991640091,9.165947056,9.340254021,9.514560986,9.68886795,9.863174915,10.03748188,10.21178885,10.38609581,10.56040277,10.73470974,10.99867487,11.26264,11.35346246,11.44428492,11.53510737,11.62592983,12.21762991,12.80932999,12.83508015,12.85511971,13.00098991,13.20458984,13.42529011,12.45672989,12.84430344,12.65323261,12.82510172,13.01519217,12.9600811,12.9600811,12.9600811,11.200089260574401,11.280130447864488,11.272544089887495,11.28802866749278,11.270764406262533,11.308566322253242,11.31010365018678,11.392167918840576,11.39701239690912,11.42741127347521,11.46125429782934,11.509415350018386,11.421957223434438,11.338716890791927,11.510311357065492,11.527100260195464,11.427259995767505,11.604073128055129,11.551046658488662,11.21484281863843,11.273581466446993,11.277234453363686,11.364749124683268,11.304177277675448,11.312553850367827,11.188420840803936,11.254184679994594,11.318089341629063,11.308103954002513,11.257037272199835,11.24509784526905,11.272770382838656,11.271544574756513
43.323,43.312,43.413,43.388,43.561,43.641,43.441,43.131,42.848,43.568,44.518,45.895,47.221,48.79,50.453,52.044,53.238,53.946,54.604,55.448,56.381,57.455,58.679,59.729,60.899,61.378,62.209,62.977,63.276,64.119,63.717,62.904,62.898,5.295790195,5.38188982,6.2934598920000004,6.444399834,6.838300228,10.48311996,10.50319004,10.73113664,10.95908324,11.18702984,10.67986965,11.06842041,11.12308025,10.79578495,10.46848965,10.32409,10.40538025,10.2425499,10.40590668,10.56926346,10.73262024,10.78287029,10.86080125,10.93929544,11.01835693,11.09798983,11.17819825,11.25898636,11.34035835,11.42231844,11.50487088,11.50487088,11.50487088,2.277381717,2.325717982,2.374054247,2.422390512,2.470726777,2.519063042,2.582272004,2.645480966,2.708689928,2.860732864,3.0127758,3.164818736,3.316861672,3.468904607,3.620947543,3.772990479,3.925033415,4.077076351,4.229119287,4.381162223,4.533205159,4.685248094,4.83729103,4.989333966,5.141376902,5.293419838,5.283483887,5.273547935,5.263611984,5.253676033,5.243740082,5.243740082,5.243740082,6.818933547307069,6.872491546787278,6.767873085042049,6.846455761324729,6.750727214116839,6.907285835310697,6.958537777135501,6.976344076975723,6.993866640913026,7.001583418379641,6.994211930806875,6.919472076436863,6.911788502590097,6.941851170139345,6.968237673272952,6.973038646090562,6.990932994456328,7.054255362056607,7.099100992813167,7.15003824869851,7.187604192190427,7.20711014230767,7.19760624069225,7.222229253363924,7.24906857730359,7.2490926075424085,7.246607078624857,7.2588731281316505,7.274997386562878,7.301218285153685,7.282528720286614,7.283556860218658,7.26715746481359
71.307,71.442,71.526,71.826,72.163,72.384,72.327,72.284,72.168,72.283,72.775,73.344,73.563,73.796,73.898,74.096,74.164,74.211,74.25,74.227,74.442,74.746,74.944,75.035,75.146,75.094,75.289,75.476,75.644,75.76,75.938,74.884,76.26,10.47682953,10.62166023,10.79524994,10.74794006,10.79310036,10.84197998,11.29596011,11.74994024,12.20392036,12.15513039,12.39342976,12.32275009,12.24785995,12.62555027,12.70936012,12.34197998,11.94384003,12.17440033,12.36715031,12.55362034,12.78493023,12.64017963,12.86585999,13.00280952,13.12631989,13.28528023,13.46302986,13.27797031,13.14906979,13.0999403,12.95814991,12.93247032,12.93247032,6.145886365,6.339768845,6.533651324,6.727533804,6.921416283,7.115298763,7.228240013,7.525190115,7.822140217,8.119090319,8.416040421,8.251122379,8.086204338,7.921286297,7.756368256,7.591450214,8.084400058,8.577349901,9.070299745,9.563249588,9.6979599,9.809384982,9.920810064,10.03223515,10.14366023,10.25508531,10.36651039,10.45936012,10.55220985,10.64505959,10.74828052,10.74828052,10.74828052,9.23105969270601,9.284209641285505,9.341790717222915,9.41065609417005,9.472349046305917,9.536975635983225,9.606026848729977,9.641959769270668,9.537698604810947,9.553990590847278,9.598839159265411,9.595060914423483,9.625249687499116,9.670209468642154,9.711860250491062,9.750686350254322,9.797397343494605,9.844878808534482,9.860370525400421,9.838131750849106,9.878244735073313,9.922441331427123,9.945710943042165,9.980716698469694,10.02432055675062,10.064520420541285,10.093205798337655,10.134779451710891,10.165932243000132,10.201772544591384,10.139126251334911,10.151097282611383,10.21447391723425
46.62,47.216,47.496,47.733,47.742,47.816,47.792,48.531,49.164,49.797,50.539,51.284,52.222,52.893,53.538,54.003,54.615,54.941,55.291,55.874,56.382,56.755,57.079,57.357,57.9,58.363,58.731,59.132,59.393,59.664,58.633,58.941,59.417,1.942090034,2.014780045,2.152940035,2.360039949,2.593649983,2.827260017,3.064179897,3.414890051,3.705430031,4.100180149,4.327819824,4.64327985,4.958739877,5.274199903,5.589659929,5.905119956,6.220579982,6.536040008,6.851500034,7.125589848,7.305920124,7.442359924,7.254854918,7.067349911,7.218820095,7.026150227,7.073800087,7.115580082,7.089373522,7.063263481,7.037249603,7.037249603,7.037249603,0.844106169,0.881621999,0.919137829,0.956653659,0.994169488,1.031685318,1.06216693,1.092648542,1.123130153,1.153611765,1.184093377,1.219264467,1.254435557,1.289606648,1.324777738,1.359948828,1.439669967,1.55489397,1.670117974,1.785341978,1.900565982,2.015789986,1.969857484,1.923924983,1.877992481,1.832059979,1.528259993,1.700025022,1.871790051,2.041840076,1.626710057,1.626710057,1.626710057,7.193660368033688,7.290096539161602,7.2355771927805925,7.249320195155066,7.253637132404516,7.234778635202886,7.28142322308515,7.304407403246083,7.353929017745116,7.387179585844477,7.360477035708123,7.435145915209252,7.420765753223122,7.504207193047908,7.487564477791867,7.518527543174508,7.525315627028616,7.527560753961897,7.546183712880781,7.543707424090394,7.56938541026576,7.571240083987007,7.531226772668326,7.531391925876897,7.574661747351151,7.607427621790816,7.627217289284955,7.6418687209353715,7.66024023961508,7.6644990493891285,7.616008211513537,7.611077097909706,7.622503680653149
75.985,75.458,75.382,76.696,76.621,77.091,76.189,77.323,77.717,77.865,77.58,79.015,78.467,78.763,79.194,79.647,79.779,80.088,80.094,80.676,81.813,81.147,81.391,82.015,82.736,82.962,83.111,83.587,83.345,83.207,83.355,83.777,83.704,12.54930019,12.75677013,12.94281006,13.15359974,13.23785019,13.34193993,13.35453987,13.46306038,13.84552002,13.76667023,14.05391026,14.05865002,14.01716042,14.37259007,14.93609047,14.93362999,14.63082981,14.99221039,14.89570999,15.22702503,15.55834007,15.05198956,15.26603985,15.39560032,15.41493988,15.49055958,15.45613003,15.51881981,15.70633984,15.62699032,15.55049038,15.86133957,15.86133957,6.4654826,6.574985169,6.684487739,6.793990308,6.903492878,7.012995448,7.104784366,7.196573285,7.288362203,7.380151122,7.471940041,7.934534073,8.397128105,8.859722137,9.32231617,9.784910202,9.821985245,9.859060287,10.00864029,10.15822029,10.30780029,10.47278023,10.79741001,11.0275898,11.12584019,11.21442032,11.28810978,11.56434488,11.84057999,12.02542019,12.21026039,12.21026039,12.21026039,9.81849145731955,9.85776776358682,9.881774833275216,9.907095764104367,9.934833210312656,9.979442866802195,10.000750562053975,10.043441637320317,10.065191036848832,10.126082478182795,10.131676736808364,10.150810882915293,10.183428288388171,10.2454276555924,10.244529009353371,10.249929568194801,10.259702592535254,10.293488567184797,10.358501250469597,10.302567749411786,10.352375540647664,10.381163252600588,10.389176320868005,10.425459070204683,10.475884427006367,10.539180136810199,10.502474993606446,10.575399095040252,10.630841083782483,10.647416179061567,10.518946621538293,10.650112688572833,10.702435839504538
59.77,59.936,60.261,60.379,60.336,60.259,60.063,60.452,60.609,60.819,61.028,61.185,61.268,61.347,61.593,61.656,61.891,62.228,62.399,62.8,63.105,63.346,63.578,63.911,64.155,64.485,64.768,65.083,65.31,65.687,64.532,64.364,64.691,3.684839964,3.783710003,4.091469765,4.563419819,5.220449924,5.381599903,5.645699978,5.710609913,6.089719772,6.27229023,6.303480148,6.334670067,6.359389782,6.434689999,6.906650066,6.956550121,7.18103981,7.077354908,6.973670006,7.516419888,7.665470123,7.815979958,8.192480087,8.485039711,8.559849739,8.634659767,8.175000191,8.076979637,8.510789871,8.722080231,8.051850319,8.051850319,8.051850319,2.267245743,2.344515105,2.421784467,2.499053828,2.57632319,2.653592552,2.726795105,2.799997658,2.873200211,2.946402764,3.019605317,3.096874679,3.174144041,3.251413402,3.328682764,3.405952126,3.491355104,3.576758083,3.662161062,3.74756404,3.832967019,3.959038083,4.085109146,4.21118021,4.213705063,4.216229916,4.323796601,4.431363287,4.538929973,4.646496659,4.754063344,4.754063344,4.754063344,8.400369458306995,8.399001445599234,8.381063723400496,8.391745138452562,8.324345170649897,8.390541178191423,8.467298580099527,8.40089839625539,8.40646073915371,8.41729512891445,8.343076964480087,8.287787390583334,8.323765283684102,8.36742024796951,8.39131509483712,8.446972567907267,8.553005016869932,8.51487215509421,8.496108173344382,8.485008445943686,8.457722849812004,8.453695212673276,8.460822165881211,8.474870265436698,8.482725401526919,8.519381809244019,8.51450907118633,8.553391656984362,8.582766609176021,8.60018636041026,8.563621695154954,8.558400956765357,8.583648137974478
69.387,70.099,70.288,70.271,70.339,70.526,70.418,70.645,70.788,71.365,71.637,71.887,72.011,72.28,72.484,72.675,72.891,73.079,73.338,73.633,73.999,74.241,74.368,74.712,74.852,74.975,75.011,74.881,74.919,75.118,74.331,73.555,73.975,9.971670151,10.10330677,10.23494339,10.36658001,10.49821663,10.62985325,10.76148987,10.96531963,11.3348999,11.70448017,12.24652958,12.63938999,12.69091034,12.92984009,13.03042984,13.35694027,13.35130024,13.39785957,13.48742008,13.72397041,13.87753963,14.31081963,14.74615955,14.66182995,15.08734989,14.78390026,14.82262993,14.7748003,14.78962994,14.91059017,14.61009979,14.61009979,14.61009979,5.856750011,5.900706005,5.944661999,5.988617992,6.032573986,6.07652998,6.120485973,6.164441967,6.208397961,6.252353954,6.296309948,6.49846996,6.700629971,6.902789983,7.104949995,7.307110006,7.509270018,7.711430029,7.913590041,8.115750053,8.317910064,8.520070076,8.748864733,8.977659391,9.206454048,9.435248706,9.546608937,9.657969169,9.7693294,9.880689632,9.992049863,9.992049863,9.992049863,9.008771988457092,9.046328066889131,9.09491341461125,9.128799930525824,9.15007860989319,9.184197457736612,9.218443151612648,9.27072404712024,9.318592957266137,9.336455362074048,9.40490330890707,9.440092657420921,9.449315866865074,9.488913794594428,9.529595803465261,9.540644637138698,9.593871472890907,9.667179326527494,9.703401614514458,9.713955421521895,9.771251042332244,9.80029286810501,9.832487427863718,9.870627827453365,9.900447265042287,9.937052527109424,9.961957515918838,10.015955903576002,10.057651263707049,10.094654036132418,9.932881502840823,9.961731151377563,10.054130116543005
69.971,70.298,70.616,70.942,71.279,71.646,72.037,72.445,72.845,73.225,73.569,73.867,74.106,74.274,74.372,74.376,74.331,74.238,74.152,74.119,74.19,74.365,74.574,74.739,74.797,74.682,74.412,74.138,74.015,74.202,70.133,70.213,74.832,11.18052959,11.02836037,10.99157524,10.95479012,11.06476974,11.21502972,11.3673296,11.46714973,11.70351982,11.84465981,11.96185017,11.99468994,12.33232975,12.58868027,12.6633997,12.71755981,12.84585953,12.99110985,13.19239044,13.27560043,13.42037964,13.46401978,13.73157978,13.91250992,14.08321953,14.23423958,14.6759901,14.85268021,14.92304993,14.9456501,14.82310009,14.50529957,14.50529957,5.953360081,6.024422073,6.095484066,6.166546059,6.237608051,6.308670044,6.379732037,6.450794029,6.521856022,6.592918015,6.663980007,6.819949985,6.975919962,7.131889939,7.287859917,7.48514986,7.871600151,7.882470131,7.948890209,8.136670113,8.005069733,8.247494698,8.489919662,8.357230186,8.403470039,8.601650238,8.599900246,8.742489815,8.933190346,9.077120304,9.221050262,9.221050262,9.221050262,9.598008921925292,9.623420301599138,9.639301546204116,9.653361887895658,9.681660767030179,9.584300628509853,9.635739583050947,9.69303097205274,9.72649284923263,9.740881425119078,9.773527559436829,9.756907129289104,9.742617662624886,9.741799281475501,9.768100604003482,9.7703764361546,9.806247000010673,9.81415839848435,9.815730142969748,9.746285090839365,9.788052375251938,9.805563048311788,9.824021577811834,9.814525372876798,9.834761487596001,9.854545731792419,9.868161237919313,9.878799708646886,9.889702439967316,9.876685647927603,9.782517633782962,9.829954612481293,9.859431545689121
68.067,66.977,66.96,66.543,65.07,65.099,64.241,65.172,65.505,65.561,66.417,66.787,66.938,67.419,67.861,68.169,68.479,68.947,69.394,69.573,69.357,69.192,69.143,69.099,69.031,69.24,69.917,70.516,70.492,70.935,70.166,68.846,68.621,10.29488796,10.40025811,10.50670675,10.61424491,10.72288375,10.83263452,10.94350862,11.05551753,11.16867288,11.28298639,11.39846992,11.32754993,11.54432964,11.73703957,11.93317032,11.99112988,12.17490959,12.14023018,12.06614971,11.92813015,11.84039974,11.84959984,11.84010029,11.86797047,14.09694004,14.06130028,14.07907009,14.29199028,14.38838005,14.47257042,14.53956985,14.76988029,14.90598011,9.123799733,9.254623066,9.3854464,9.516269734,9.647093067,9.777916401,9.877161688,9.976406976,10.07565226,10.17489755,10.27414284,10.37789928,10.48165571,10.58541215,10.68916859,10.79292502,11.03878267,11.28464031,11.38162994,11.47673988,11.4894104,11.55617046,11.70310974,11.69207954,11.76074028,11.76515007,11.79195658,11.8187631,11.84556961,11.82159042,11.8338152,11.8338152,11.8338152,9.551603275719282,9.357008973592675,9.003930730532014,8.995011714800178,8.62902643017166,8.625022856214832,8.605741001121732,8.624828393312594,8.543900285185961,8.521302030961856,8.563041348886788,8.647384321770975,8.745795054367063,8.827785009949642,8.91728347741191,8.98928491432621,9.024342414455127,9.036579681413984,9.115723939613444,9.020516563173688,9.10743365617642,9.16192795723545,9.179340600268628,9.266759095979712,9.310539023707701,9.287975164794368,9.344758244561213,9.403719670145257,9.450942901286746,9.50674929792994,9.414324968216793,9.537632247020362,9.469902119983468
58.765,59.237,59.641,60.038,60.405,60.612,60.305,60.815,61.765,62.529,62.882,63.279,63.518,64.208,64.796,64.879,65.513,65.97,66.382,66.766,67.182,67.439,68.111,68.585,69.047,69.498,69.865,70.237,71.199,71.822,72.141,70.975,72.667,10.12985992,9.677269936,8.751159668,7.619840145,7.526760101,7.490560055,7.820310116,8.067250252,8.431200027,8.68225956,9.16119957,9.925230026,10.35706997,11.13086987,11.79345989,12.69904041,12.9962101,13.37289333,13.74957657,14.1262598,14.44752979,14.45449532,14.46146086,14.46842639,14.47539192,14.48235745,14.48932298,14.49628851,14.50325404,14.51021957,14.51719515,14.51719515,14.51719515,8.489093305,8.515587225,8.542081144,8.568575063,8.5950689830000009,8.621562902,8.705460313,8.789357724,8.873255135,8.957152546,9.041049957,9.14112196,9.241193962,9.341265965,9.441337967,9.541409969,9.641481972,9.741553974,9.841625977,9.941697979,10.04176998,10.14955497,10.25733995,10.36512494,10.47290993,10.58069491,10.6884799,10.79626489,10.90404987,10.1638751,9.423700333,9.423700333,9.423700333,8.423246862923753,8.379575560910217,8.285163033923112,8.200140707392276,8.24009994639734,8.31555257815808,8.325486632294426,8.353127430426534,8.38758357786752,8.403929769451537,8.404924676601846,8.415979882418565,8.463362906852021,8.514944694240032,8.64084228230106,8.668782660885482,8.750159182792075,8.827584732791664,8.894073218066868,8.856554604772523,8.853913543539967,8.994454087257816,9.09681415599328,9.213485351340061,9.241850633929573,9.245333791547106,9.23665102702467,9.193162685279006,9.303978732341575,9.312352889036143,9.266251699415925,9.184717203733168,9.244825023249579
62.448,62.946,63.401,63.872,64.346,64.736,65.238,65.629,66.018,66.406,66.787,67.18,67.547,67.915,68.231,68.704,69.128,69.604,70.048,70.458,70.829,71.269,71.679,72.122,72.538,72.92,73.284,73.66,73.986,74.27,73.92,74.042,74.973,6.382909775,6.373549938,6.500289917,6.738800049,7.013629913,7.261839867,7.432979822,7.604119778,7.678740025,8.090929985,8.56276989,8.933050156,9.365309715,9.695070267,9.891050339,10.01336002,10.01791,10.22760963,10.36264038,10.53151989,10.91386032,11.28670979,11.62874985,11.9529438,12.27713776,12.60133171,12.92552567,13.24971962,13.44997978,13.70191002,13.92945957,14.03929996,14.59442043,2.11,2.22,2.33,2.44,2.55,2.66,2.78,2.9,3.02,3.14,3.26,3.366,3.472,3.578,3.684,3.79,3.88,3.97,4.06,4.15,4.24,4.468,4.696,4.924,5.152,5.38,5.514,5.648,5.782,5.916,6.05,6.05,6.05,8.293968826336684,8.344071258339605,8.309848134340617,8.280403053564608,8.371376712157332,8.295943475662849,8.405736767852877,8.374225226639085,8.4360442486569,8.439602041667367,8.450448697148115,8.512803296511882,8.539570148554606,8.588937833174807,8.624772347669847,8.648082755257072,8.708621108333766,8.73117986814678,8.774786477459672,8.786446009990684,8.807561739957505,8.84475925613768,8.857869955468129,8.890999449319596,8.897751131045228,8.931743789183479,8.926058891219467,8.961825738566334,8.981042730157785,8.998786745878064,8.919167709296504,8.980662763755356,8.981495908926014
44.469,44.66,44.949,45.354,45.606,46.04,46.636,47.408,48.024,48.812,49.491,50.065,50.59,50.87,51.249,51.561,51.961,52.566,53.164,53.788,54.198,54.869,55.639,56.492,57.274,58.151,59.038,59.771,60.526,61.166,61.172,59.325,59.625,3.871253902,3.898401763,3.925740004,3.953269958,4.043809891,4.153170109,4.507280111,4.861390114,5.215500116,5.569610119,6.018149853,6.493030071,6.955689907,7.360409975,7.765130043,8.379469872,8.693770409,9.341190338,9.815670013,9.987150192,10.19349003,9.928839684,9.804129601,10.39083958,10.34068966,10.35270023,10.35868502,10.3646698,10.48351964,10.60373232,10.72532345,10.72532345,10.72532345,1.598693513,1.587136693,1.575579872,1.564023052,1.552466231,1.540909411,1.583284419,1.625659428,1.668034437,1.7104094460000001,1.752784454,1.829829925,1.906875395,1.983920866,2.060966337,2.138011807,2.188091363,2.238170919,2.288250475,2.33833003,2.479079962,2.619829893,2.762074947,2.904320002,3.046565056,3.18881011,3.126510024,3.064209938,3.329503298,3.594796658,3.860090017,3.860090017,3.860090017,6.094988113156496,6.132174392906792,6.029921911773387,6.106481313277631,6.120432534657577,6.1093978325874065,6.197738856888067,6.2828532909201895,6.346983193442231,6.437338476712182,6.411289778658869,6.492966135897092,6.488874627692932,6.611726291354946,6.665586890419632,6.6829603187174635,6.720075753877607,6.781419720644395,6.830888393725205,6.895873664735184,6.922598609662504,6.980237036422338,7.033390108909644,7.071209245296706,7.103897974781809,7.130558133065636,7.136115095498874,7.130955472692136,7.146322649295236,7.142883620134664,7.1000916216477,7.092779281710763,7.105984109061676
56.661,57.014,57.251,57.631,57.956,58.259,58.941,59.243,59.794,59.881,60.155,60.416,60.725,60.98,61.25,61.599,61.893,62.371,56.506,63.155,63.329,63.901,64.141,64.815,65.056,65.561,65.685,65.843,66.465,66.61,66.797,65.672,67.256,6.440790176,7.037065029,7.633339882,7.771729946,7.86823988,7.768799782,7.797009786,7.82521979,7.853429794,7.881639798,7.909849803,7.938059807,8.062719822,8.187379837,8.312039852,8.436699867,8.561359882,8.686019897,8.942250859,9.19848182,9.454712781,9.710943742,9.967174703,10.22340566,10.47963663,10.73586759,10.99209855,11.24832951,11.50456047,11.7794511,12.06090998,12.06090998,12.06090998,2.220867026,2.272047501,2.323227975,2.37440845,2.425588925,2.4767694,2.548056489,2.619343579,2.690630669,2.761917758,2.833204848,2.915459182,2.997713517,3.079967851,3.162222185,3.24447652,3.343181721,3.441886922,3.540592123,3.639297324,3.738002525,3.937240802,4.136479078,4.335717355,4.534955631,4.734193908,4.849349976,5.358500004,5.867650032,6.37680006,6.518157697,6.518157697,6.518157697,6.314311487933512,6.343534440709849,6.404790785406646,6.457092460293998,6.513586504518222,6.565999784922339,6.612488345930478,6.633020560499632,6.684893070087437,6.790185184627146,6.896694809580131,6.996986631002739,7.109041626891423,7.227881415214946,7.346318455948988,7.463138814989234,7.573339614372297,7.67096155594251,7.764135589338097,7.856192919312189,7.923338663894714,7.977731884506466,8.028906737066475,8.097644227374879,8.163061014190088,8.184757438263354,8.288457401895037,8.341770779019908,8.394399789486707,8.448687691144638,8.479183157335202,8.274614457804665,8.303431775156591
62.496,62.098,61.545,60.86,59.846,58.634,56.918,55.558,54.101,53.036,51.99,51.26,51.254,51.083,51.246,51.787,52.655,53.68,54.653,55.496,56.015,56.553,57.64,58.694,59.822,60.7,61.682,62.293,62.586,63.075,62.829,59.269,58.059,11.65740713,12.05757999,12.47148991,12.88539982,13.29930973,13.08613968,12.81157494,12.53701019,12.44921017,12.01422024,12.02659512,12.03896999,11.75957012,11.81025982,11.70338488,11.59650993,11.37924957,11.43864167,11.46318987,11.48773807,11.51228626,11.53683446,11.56138265,11.58593085,11.6106363,11.63539444,11.66020537,11.68506921,11.70998606,11.73495605,11.75997928,11.75997928,11.75997928,5.704538658,5.713290215,5.722055197,5.730820179,5.739585161,5.748350143,5.757115126,5.765880108,5.77464509,5.783410072,5.792175055,5.800940037,5.881194262,5.961448488,6.041702713,6.121956938,6.177517556,6.233078174,6.288638791,6.344199409,6.399760026,6.517054664,6.634349301,6.751643938,6.868938575,6.986233212,7.037678228,7.089123245,7.140568261,7.192013277,7.243458294,7.243458294,7.243458294,8.753301505259317,8.813933133477285,8.828397451046008,8.777678832220944,8.76213149924244,8.791575310692535,8.77589747632224,8.78804384517164,8.801938404866327,8.78574586488979,8.81779485275181,8.801443287819675,8.847177795931477,8.903982137056417,8.975857225156155,8.962705181818775,9.025857393432263,9.045372607115356,9.058610486277646,9.044727217474342,9.06754075707696,9.112533305723721,9.146923706443227,9.221317665421717,9.259970318667639,9.288256592893934,9.251851075521923,9.225031398448637,9.197879511221378,9.185892150612343,9.106479915000888,9.10405574990797,9.126961654228605
54.833,55.712,56.71,57.619,58.553,59.318,59.981,60.771,61.549,62.113,62.614,63.336,63.264,64.197,64.818,65.457,65.868,66.329,66.421,66.761,66.814,67.313,67.47,67.965,68.085,67.456,68.776,68.91,68.979,69.558,69.246,68.45,70.484,7.272699833,7.440219879,7.672130108,7.676449776,7.713659763,7.769179821,8.120109558,8.235124588,8.350139618,8.465154648,8.580169678,8.190719604,8.713439941,8.860610008,9.077980042,9.295350075,9.870400429,9.96543026,10.393079759999999,11.09342957,11.88823986,12.36256981,12.50422478,12.64587975,12.56865025,12.6352396,12.70316029,12.69890022,12.81940031,12.9399004,12.64451981,12.64451981,12.64451981,2.346687263,2.397803223,2.448919183,2.500035143,2.551151103,2.602267063,2.632471949,2.662676835,2.69288172,2.723086606,2.753291491,2.853199959,2.920027971,2.986855984,3.053683996,3.120512009,3.187340021,3.254168034,3.320996046,3.387824059,3.454652071,3.521480083,3.563950062,3.60642004,3.648890018,3.691359997,3.733829975,3.933636665,4.133443356,4.333250046,4.485598758,4.485598758,4.485598758,7.323399829649174,7.358393318541842,7.370985664010854,7.382463048888167,7.437489193774232,7.45095819300739,7.474223433450906,7.507522452355514,7.520537443391082,7.557500839605678,7.60244464825752,7.645751119512635,7.626864829551631,7.651772262144644,7.683394653388768,7.7126126889806645,7.741416330452458,7.770118057643326,7.822516612322352,7.863512979070922,7.9017630002655865,7.929003390065539,7.974401941894632,8.00680993345873,8.070028655205535,8.102930054203167,8.096993339393945,8.169262226369623,8.227742961227815,8.284813644805453,8.244127400652117,8.262154559461175,8.300417990295635
77.007,77.156,77.359,77.035,77.513,77.545,77.55,77.924,77.997,77.96,78.122,78.33,78.405,78.657,79.231,79.48,79.838,80.245,80.377,80.66,80.819,81.1,81.049,81.292,81.642,81.482,81.547,81.729,81.774,82.046,81.638,81.687,82.451,14.7744503,15.01319981,14.94740009,15.20777035,17.33371925,16.81469917,16.95819092,16.57000923,16.47043037,16.31699944,16.53998947,16.60247993,16.26139069,16.36185074,16.29899979,16.43285942,16.55203056,16.68618011,16.80303001,16.84559059,17.01534081,17.88151932,17.9406395,18.05022621,18.15981293,18.26939964,18.13762093,18.40394974,18.33420944,18.37341499,18.41262054,18.58348083,18.58348083,11.09854878,11.16080369,11.22305861,11.28531353,11.34756844,11.40982336,11.4849586,11.56009384,11.63522909,11.71036433,11.78549957,11.78549957,11.78549957,11.78549957,11.78549957,11.78781033,11.88865519,11.98950005,11.90822029,11.93865013,11.98348045,11.9578104,12.02159977,12.06632996,12.09368992,12.13512993,12.18412018,12.25356531,12.32301044,12.4523201,12.58162975,12.58162975,12.58162975,10.480219295507249,10.500171331311822,10.505606710356272,10.51670039396712,10.545290979014402,10.578161017200864,10.61363964504167,10.647371942922259,10.672169394936757,10.728244557064519,10.760833590898791,10.756006219976381,10.749078198747874,10.761400813233552,10.776037187829271,10.79149403390848,10.834257246309178,10.865043073932943,10.84396820208537,10.812486707356706,10.850716005603044,10.867027953101811,10.845161696782558,10.844927542770883,10.852525473872872,10.867324189858408,10.869337158379949,10.90513846694502,10.93042806930849,10.926445123456055,10.868566565339847,10.921520537102474,10.955677299628118
75.424,76.079,76.19,76.5,76.92,76.789,76.809,77.348,78.172,77.918,78.678,78.674,78.877,79.155,79.371,80.057,80.049,80.163,80.291,80.594,81.102,80.886,81.209,81.652,81.792,81.977,82.07,82.219,82.38,82.567,82.742,82.451,83.006,14.59095001,14.64754963,15.08668041,16.02350998,16.65543938,16.94636917,16.97283936,17.10215468,17.23147,17.36078532,17.49010064,17.61941596,17.74873128,17.8780466,18.00736192,18.13667724,18.26599256,18.39530788,18.5246232,18.65393852,18.78325384,18.91256916,19.04188448,19.1711998,19.07279968,18.9496994,17.9842205,18.46677971,18.3230896,19.4722805,19.1901207,19.68234062,19.68234062,10.1395211,10.39962959,10.66641064,10.93319168,11.19997272,11.46675377,11.73353481,12.00031586,12.2670969,12.53387794,12.80065899,13.06744003,13.11823406,13.16902809,13.21982212,13.27061615,13.32141018,13.3354702,13.34953022,13.36359024,13.37765026,13.39171028,13.37806988,13.32773972,13.27740955,13.23099995,13.33483982,13.2373023,13.13976479,13.04222727,12.94468975,12.94468975,12.94468975,10.201345303096991,10.117382585445192,10.120229236355655,10.163360334683732,10.203850273520281,10.240929586608882,10.24917687140503,10.270831108312368,10.28419564683854,10.318148593809747,10.343247968365663,10.376183317542777,10.405340008579513,10.433879181782036,10.450097997861315,10.463641345720768,10.476920649416005,10.491331223868904,10.469988692225563,10.490853982763134,10.484644582671418,10.503095179856935,10.52436229013516,10.545213189958687,10.565194345958394,10.588995914720812,10.60460576013204,10.611975913608816,10.630407390440237,10.650421542501986,10.626793395676687,10.66545465959557,10.684313560790915
63.096,63.931,64.266,64.685,65.181,65.608,66.052,66.515,65.209,67.12,67.234,67.215,67.18,67.217,67.423,67.936,68.725,69.559,70.586,71.433,72.009,72.416,72.615,72.704,72.812,72.983,73.256,73.554,73.85,74.054,71.795,73.837,74.615,7.302750111,7.832270145,8.017729759,8.188419978,8.359110196,8.529800415,8.830456053,9.13111169,9.431767327,9.732422965,10.0330786,10.33373424,10.63438988,10.67584637,10.71730287,10.75875937,10.6884318,10.61810423,10.54777666,10.4774491,10.65937514,10.84130118,11.02322723,11.20515327,11.38707932,11.57827169,11.77267424,11.97034087,12.17132638,12.37568649,12.58347787,12.58347787,12.58347787,4.09,4.184,4.278,4.372,4.466,4.56,4.664,4.768,4.872,4.976,5.08,5.156,5.232,5.308,5.384,5.46,5.568,5.676,5.784,5.892,6,6.136,6.272,6.408,6.544,6.68,6.796,6.912,7.028,7.144,7.26,7.26,7.26,8.00016494912203,7.976028662207308,7.976657249094019,7.9324281116045805,7.931754357321108,8.009604207077198,8.071928339236742,8.11187949074539,8.155681808165667,8.209196565392379,8.23699523523531,8.246760332209139,8.248210592127448,8.264071592872083,8.309103885922157,8.348716810787709,8.368235764576777,8.409456686218364,8.429274399359146,8.375759667947529,8.406797988519363,8.453839532212445,8.489410052640801,8.513606159703357,8.556819042490067,8.586771756604476,8.605554123396734,8.632304702972231,8.587453147758682,8.558857322184203,8.492615700714087,8.583496526727764,8.599050776741038
41.852,42.218,42.947,43.817,44.714,45.774,46.676,47.505,48.191,48.738,49.322,49.841,50.562,51.434,52.589,53.59,54.596,55.553,56.508,57.396,58.367,58.994,59.65,60.239,60.786,61.083,61.629,62.16,62.454,62.897,61.451,61.576,62.08,1.964450002,1.994314969,2.024179935,2.110269937,2.196359938,2.282449939,2.36853994,2.454629941,2.540719943,2.626809944,2.712899945,2.798989946,2.885079947,2.971169949,3.304039955,3.529139996,3.674469948,3.802350044,4.03937006,4.281970024,4.609570026,4.890210152,5.121349812,5.359456539,5.597563267,5.835669994,6.135310173,6.328670025,6.602473804,6.888123438,7.186131428,7.186131428,7.186131428,0.728083218,0.768180555,0.808277892,0.848375228,0.888472565,0.928569902,0.974998397,1.021426892,1.067855387,1.114283882,1.160712377,1.2029201,1.245127823,1.287335546,1.329543268,1.371750991,1.403406783,1.435062575,1.466718367,1.49837416,1.530029952,1.584899991,1.639770031,1.574126701,1.50848337,1.44284004,1.377196709,1.311553379,1.245910048,1.293631241,1.341352433,1.341352433,1.341352433,6.990096247322535,6.954985837121905,6.943503965852743,6.915708886025279,6.899145451260043,6.893893598466198,6.874876370917841,6.858530970555724,6.932555562848919,6.899492911941151,6.855268816420887,6.895226787662568,6.912645310266572,6.895962003374048,6.877288547139224,6.9125790558406965,6.933294687086306,6.9244194816699,6.958134909756177,6.9410054771064775,6.98588411945659,6.979653428990738,7.014216067218031,7.033062861210171,7.0647579722356895,7.073425455331939,7.074443761898052,7.089144413705712,7.130585553230211,7.148135767454041,7.145751373568182,7.097428280898252,7.157197360515335
76.587,77.038,77.246,77.221,77.773,77.797,78.233,78.239,78.408,78.387,78.692,78.896,78.96,79.529,79.965,80.17,80.441,80.503,80.678,80.867,81.04,81.243,81.444,81.667,82.086,82.272,82.415,82.624,82.76,82.955,83.195,83.234,83.393,14.01183033,14.33248043,14.64008999,15.17529964,16.23529053,15.66366005,15.81328964,16.06620026,16.86597061,17.09806061,17.42749023,17.03140068,17.09057045,17.42193985,17.55905914,17.43656921,17.53119087,17.54254913,17.37862015,17.35601044,17.52806091,17.52289963,17.45492935,17.65600967,17.68444061,17.77986908,17.95096016,18.05971909,18.14512062,18.23535919,18.3110199,18.63846016,18.63846016,11.17730999,11.25230571,11.32730143,11.40229716,11.47729288,11.5522886,11.62728432,11.70228004,11.77727577,11.85227149,11.92726721,12.00226293,12.07725866,12.15225438,12.2272501,12.28176022,12.36614037,12.40898037,12.48221016,12.50294018,12.54957008,12.60601044,12.64209366,12.67817688,12.7142601,12.77120972,12.81906033,12.94715977,12.97539473,13.00362968,13.06234279,13.06234279,13.06234279,10.628769696948952,10.65153821281529,10.690594214299422,10.71124357187115,10.76008616537795,10.799370571590776,10.843809361551395,10.89048657966287,10.910457118251129,10.926163510493007,10.946650998860898,10.975533668182612,10.985840230605268,10.992026831861372,11.022171189091152,11.050886729495287,11.057125542196559,11.071588577285574,11.062238339705408,11.040551730843575,11.041292099946286,11.03838287967115,11.050973457764439,11.051270511384773,11.081389546057682,11.097881641899157,11.101289828147005,11.111587029274892,11.118311447107676,11.112110141339617,11.101313998591912,11.121313169948065,11.14460817762495
60.066,60.259,60.116,59.934,60.116,59.878,60.398,60.603,61.09,61.679,62.102,62.421,62.626,62.843,63.052,62.466,63.731,63.852,64.036,64.14,64.436,64.648,64.782,65.15,65.284,65.697,65.88,66.297,66.482,66.756,66.269,66.098,66.431,4.238239765,4.280649002,4.323058238,4.365467475,4.407876712,4.450285948,4.492695185,4.535104421,4.577513658,4.619922895,4.662332131,4.704741368,4.747150605,4.789559841,5.15583992,5.463049889,5.626229763,6.005660057,6.004640102,6.06787014,6.052280188,6.036690235,6.139200211,6.192039967,6.466800213,6.739069939,7.082240105,7.014989853,7.303080082,7.635359764,7.89510849,7.89510849,7.89510849,2.291861259,2.390371085,2.488880911,2.587390737,2.685900563,2.784410389,2.88493062,2.98545085,3.085971081,3.186491312,3.287011542,3.536301714,3.785591886,4.034882058,4.28417223,4.533462403,4.521399975,4.410629988,4.299860001,4.46612978,4.594940186,4.721109867,4.818150043,4.958040237,5.162640095,5.162640095,5.162640095,5.115049839,4.770319939,4.536330223,4.422319019,4.422319019,4.422319019,8.000533787530296,8.01658209528354,8.063961397645784,8.052613391061524,8.058366649161458,8.078347745535444,8.0933946168504,8.06965990700074,8.061626632182564,8.079607697861872,8.095661462213565,8.097115809134372,8.094709976091032,8.134624980175364,8.189137351475456,8.231486928699564,8.268696190456941,8.290367029858961,8.286467875524794,8.288793868700568,8.289955654668322,8.300344484431685,8.316709051040492,8.34299113805802,8.374202919277694,8.406605442660306,8.448100239921448,8.480407281354749,8.524255065781661,8.530518069796614,8.499495794410889,8.549648858544465,8.589378108527185
71.097,71.207,71.462,71.8,72.096,72.385,72.675,72.97,73.279,73.622,74.001,74.414,74.824,75.218,75.544,75.829,76.012,76.154,76.225,76.343,76.448,76.627,76.819,77.038,77.248,77.468,77.653,77.795,77.863,77.81,76.657,76.223,76.826,10.88070965,10.82633972,10.9026804,11.05078983,10.98091984,11.18601036,11.37605953,11.6153663,11.85467307,12.09397984,12.33343983,12.535490039999999,12.72622967,12.824265,12.92230034,12.93978977,12.98233032,13.07046032,12.89612007,12.86911964,12.93607998,12.7667799,12.78280671,12.79883353,12.81486034,12.81215954,13.01272964,13.0627122,13.11288674,13.163254,13.21381473,13.21381473,13.21381473,7.407239914,7.454354906,7.501469898,7.54858489,7.595699883,7.642814875,7.689929867,7.737044859,7.784159851,7.831274843,7.878389835,8.018189859,8.157989883,8.297789907,8.437589931,8.577389956,8.71718998,8.856990004,8.996790028,9.136590052,9.276390076,9.416856766,9.557323456,9.6977901459999991,9.838256836,9.978723526,10.11919022,10.25965691,10.4001236,10.54059029,10.68696295,10.68696295,10.68696295,9.261599584582957,9.302693107395335,9.374601841918118,9.429024079354495,9.44863942036433,9.426722699242056,9.44375078938753,9.475214326074894,9.523291888911508,9.529172598728934,9.551872040914422,9.532703002474376,9.568374001383644,9.559588994020526,9.597094374741278,9.643694278937419,9.709684329357014,9.826613524374261,9.900093280506912,9.900016260567552,9.91381088856669,10.02909949726355,10.10510231727007,10.159101337932867,10.166422379202046,10.204821796063012,10.251771238892605,10.301155505347328,10.311753764886241,10.32907340988334,10.155331251728471,10.284852953550713,10.374408268941353
59.721,59.908,60.218,60.506,60.756,61.049,61.105,61.377,60.629,61.672,61.72,61.773,61.698,61.797,61.761,61.801,61.917,62.034,62.571,62.788,63.039,63.526,63.733,63.961,64.259,64.701,64.84,65.103,65.182,65.474,65.787,65.351,65.958,4.600746032,4.735701708,4.874616097,5.017605322,5.164788912,5.316289902,5.46355327,5.610816638,5.758080006,5.950537146,6.142994287,6.335451427,6.527908568,6.720365708,6.912822849,7.10527999,7.29773713,7.490194271,7.682651411,7.875108552,8.067565692,8.260022833,8.452479973,8.776717377,9.100954781,9.425192185,9.749429589,10.07366699,10.3979044,10.75645427,11.12736798,11.12736798,11.12736798,2.394565745,2.518422593,2.642279442,2.766136291,2.88999314,3.013849989,3.084035537,3.154221084,3.224406632,3.29459218,3.364777727,3.424641871,3.484506015,3.544370158,3.604234302,3.664098445,3.746669678,3.829240911,3.911812143,3.994383376,4.076954608,4.2070043,4.337053991,4.467103682,4.597153373,4.727203065,4.768488681,4.809774297,4.851059914,4.89234553,4.933631146,4.933631146,4.933631146,7.796733236197336,7.861498214965072,7.961674720899745,8.123795607858757,8.297030872060668,8.211028054933598,8.226835530768547,8.126942719793083,8.13723675483176,8.124069233181357,8.065228933255492,8.031834201584406,8.022640430166298,8.035526942234744,7.930464191748998,7.930206629346464,7.880930626950392,7.950372359024724,7.938226840128332,7.9538186835853955,8.018823037229417,7.9787059278574315,8.043555658091588,8.022732801060982,8.190482221440048,8.2278348358532991,8.263842224111057,8.265857024841914,8.23378737208065,8.237850282749761,8.216342938860489,8.193132177781623,8.218875260884516
67.944,68.173,68.395,68.633,68.824,69.009,69.202,69.325,69.478,69.634,69.75,69.9,70.025,70.297,70.481,70.527,70.781,71.106,71.384,71.635,71.887,72.131,72.454,72.757,72.878,73.191,73.534,73.644,73.568,73.621,73.182,70.262,70.475,9.1561203,9.445473671,9.734827042,10.02418041,10.21538544,10.40659046,10.73869038,11.14942678,11.56016318,11.97089958,12.14581013,12.57310009,13.07223988,12.49347973,12.73396015,12.60157967,12.56324482,12.52490997,12.80463982,13.19958973,13.17776012,13.63876238,13.8313493,14.01141217,13.95511831,14.05043959,13.80566436,13.73734935,13.78701911,14.04147203,13.91056957,13.91056957,13.91056957,5.684462242,5.782122307,5.88146019,5.982504715,6.083549239,6.184593764,6.285638289,6.386682814,6.487727339,6.588771863,6.689816388,6.790860913,6.891905438,6.992949963,7.170140028,7.347330093,7.069910049,7.153329849,7.389259815,7.032569885,7.280279954,7.527990023,7.775700092,8.290029526,8.247850418,8.524069786,8.351449966,8.468514919,8.585579872,8.810709953,8.861840248,8.861840248,8.861840248,9.052984243901237,9.042753423739164,9.023275620960758,9.0399615537337,9.047541337723322,9.068084160110567,9.119145906129784,9.104641548543178,9.082158532485655,9.045366797005569,8.958061372059879,8.94616687861067,8.954564503038554,8.90208587244038,8.953872051709979,8.97475005999305,9.04919945540585,9.138867412970182,9.200902126635844,9.182854287799659,9.276693916836203,9.316112214527502,9.295038046001542,9.362453140099841,9.403409312354412,9.418697826553721,9.448021101427486,9.483679624943358,9.500656755082803,9.487676105679018,9.462649879445978,9.48809306944022,9.485018905189163
65.106,65.434,66.149,66.681,67.227,67.644,68.147,68.605,69.082,69.743,70.424,71.041,71.661,72.217,72.668,72.986,73.172,73.223,73.377,73.466,73.711,74.133,74.544,74.967,75.333,75.621,75.789,75.879,76.009,76.156,73.665,72.377,73.385,11.68725967,11.63395023,11.39299011,11.35470963,11.47558975,11.8151598,11.79951,11.74619007,12.36009502,12.97399998,12.81503963,13.30440998,12.82085037,12.32927036,12.58325958,12.61705971,12.82301044,13.01933336,13.21565628,13.4119792,13.60830212,13.80462503,14.00094795,14.19727087,14.39359379,14.58991671,14.78623962,14.49571037,14.59804249,14.70109703,14.80487907,14.80487907,14.80487907,7.781378166,7.838587107,7.896216649,7.954269886,8.012749932,8.071229978,8.129710024,8.18819007,8.246670116,8.305150162,8.363630208,8.422110254,8.4805903,8.539070346,8.597550392,7.924409866,7.928460121,8.18680954,8.187299728,8.217120171,8.865139961,8.887160301,9.082159996,9.136059761,9.151889801,9.094240189,9.314760208,9.535280228,9.755800247,9.885518863,10.01696229,10.01696229,10.01696229,8.504104679521802,8.541582681777024,8.511705456304234,8.539015308757245,8.630232699022542,8.6786890540195,8.700228331549031,8.747652245947153,8.735822143083972,8.733864390333908,8.740627751583263,8.739183939948584,8.775548513880267,8.79665693734502,8.816984435667045,8.857047783418821,8.897378889845623,8.97411437011652,9.065127119462387,9.075736345199564,9.132693468462216,9.182554067143572,9.246055049046147,9.306978996279978,9.32728937547998,9.359952766777308,9.377592180859857,9.381793122539234,9.39847667780192,9.41566766654133,9.296000672923482,9.350934825978221,9.38566748457642
65.909,66.304,67.088,67.542,67.942,68.223,68.614,68.884,69.1,69.298,69.413,69.614,69.781,69.924,70.037,70.24,70.282,70.483,70.564,70.633,70.754,70.788,70.881,70.835,71.151,71.268,71.387,71.516,71.689,71.865,72.119,69.266,72.187,10.73402023,10.75755978,10.79934025,10.83234692,10.86535358,10.89836025,11.29183006,11.34047508,11.3891201,11.54117012,11.53904009,11.53691006,11.74230957,11.73099041,11.72441006,11.58979034,11.39826012,11.47802019,11.55778027,11.31982994,11.54787788,11.77592583,12.00397377,12.23202171,12.46006966,12.61225033,12.58333969,12.81820011,12.84095001,13.03676033,12.78335953,12.78335953,12.78335953,7.178850174,7.217683172,7.256516171,7.295349169,7.334182167,7.373015165,7.411848164,7.450681162,7.48951416,7.528347158,7.567180157,7.836127639,8.105075121,8.374022603,8.642970085,8.65989995,8.676829815,8.69375968,8.710689545,8.812839985,8.914990425,8.991986911,9.068983396,9.145979881,8.971109867,8.796239853,8.621369839,8.446499825,8.707799911,8.969099998,8.971409559,8.971409559,8.971409559,8.333798260522359,8.317151943943463,8.312185813212851,8.315400716950782,8.345514299143318,8.369516993556747,8.408885628365887,8.44916820816003,8.505928054354083,8.51158009059977,8.49651756392225,8.505559113215742,8.520573706032572,8.54885764725127,8.590560605424454,8.623460002604174,8.65151072962233,8.693777657364723,8.720335810810004,8.737465250179014,8.787837112424862,8.80148961261342,8.853150108425961,8.908804889155322,8.952456378120894,8.996029245331396,9.043724041466502,9.092064524883188,9.13218189868424,9.168456073202178,9.030627525337088,9.032327864599406,9.111496417117005
70.678,70.378,70.907,71.42,71.71,71.919,72.247,72.595,72.952,72.995,73.734,74.219,74.583,74.738,74.972,75.094,75.284,75.339,75.584,75.781,76.317,76.651,76.714,76.971,77.569,77.415,77.802,77.721,77.628,77.927,76.942,76.457,76.996,12.11456966,12.14548016,12.16026974,12.82264996,13.08220005,13.10087967,13.3831501,13.91362,14.35941029,14.73620033,14.89494991,15.26095009,15.62158966,15.80753994,15.17918968,15.37594032,15.38029957,15.38272953,15.38138008,15.41930008,15.76898956,15.66082001,15.70232964,16.59316063,16.20609093,16.15548706,16.10488319,16.05427933,15.92910004,15.87380981,15.84399033,15.93451977,15.93451977,9.670923882,9.85872977,10.04653566,10.23434155,10.42214743,10.60995332,10.73731594,10.86467855,10.99204116,11.11940378,11.24676639,11.35038343,11.45400047,11.57296705,11.69193363,11.81090021,11.92986679,12.04883337,12.16779995,12.34123993,12.31373024,12.55062008,12.78314018,12.77855015,12.83730984,12.92106485,13.00481987,13.04480243,13.08478498,13.12476754,13.1647501,13.1647501,13.1647501,9.307683990215253,9.214911427764108,9.226991762867678,9.268901976882917,9.350678777729614,9.411324958442124,9.477397229754535,9.538958836884525,9.584276790254297,9.630679444194948,9.687489336776231,9.701253253727591,9.72172125875513,9.750644034916643,9.7778961307505,9.82449078513464,9.878549519095023,9.938755615210217,9.993328910557642,10.009997221464342,10.039749004467634,10.086357421479498,10.099347983339817,10.109984228694335,10.146200158380326,10.190021853299921,10.218048488184992,10.264246102843183,10.322444873667008,10.366356056899525,10.35114558189492,10.412222349646632,10.467406977953207
74.304,74.24,74.87,74.761,75.73,75.55,75.476,75.923,76.116,76.322,76.83,77.151,77.368,77.578,78.42,78.305,79.071,79.281,79.561,79.771,80.035,80.497,80.478,80.817,81.216,81.209,81.232,81.498,81.395,81.701,81.055,81.044,82.24,11.83831978,12.34136963,13.21854973,14.48209953,15.04316044,15.41711998,15.93179035,16.0445199,16.15724945,15.66067028,15.70591587,15.75116146,15.79640704,15.84165263,15.88689822,15.93214381,15.9773894,16.02263498,16.06788057,16.11312616,16.15837175,16.20361733,16.24886292,16.29410851,16.3393541,16.38459969,16.26753998,16.36219978,16.48127937,16.60087013,16.66860962,16.82140923,16.82140923,5.270990553,5.439489841,5.613375596,5.78726135,5.961147104,6.135032858,6.308918612,6.482804367,6.656690121,6.707129955,6.793540001,6.877550125,6.96269989,7.150589943,7.389319897,7.494040012,7.617310047,7.671520233,7.782169819,7.926529884,8.058150291,8.277119637,8.495369911,8.655139923,8.870940208,8.986729622,9.112580299,9.218230247,9.144709587,9.327420235,9.575940132,9.575940132,9.575940132,10.064478043291285,10.111538420947637,10.127553078301245,10.106522833298017,10.110665399987884,10.154941299722816,10.18375325772179,10.21542221883301,10.255798055091361,10.288115217570907,10.30599126035712,10.317202923437964,10.321235518874138,10.313141365093665,10.32598164461889,10.331240745649492,10.330469780429805,10.35288113290234,10.350108946163084,10.316868454913967,10.335470930261097,10.335676009243425,10.290797435056454,10.297202428934312,10.303318687246176,10.318452771021516,10.344043038064314,10.38186358364428,10.410643563601752,10.435184039595711,10.358073819235376,10.412548442875663,10.472063033138506
73.982,73.966,74.122,74.243,74.348,74.25,74.685,74.787,74.809,74.8,74.828,75.263,75.412,75.565,75.961,76.064,76.57,77.016,77.427,77.878,78.425,78.891,79.227,79.536,79.768,80.064,80.433,80.717,80.898,80.99,79.099,79.272,81.559,12.08216,11.86357021,11.79516983,12.20510006,12.48740005,12.51344967,12.61415958,12.62568474,12.63720989,12.43021965,12.12788963,11.82555962,11.73925018,11.90894985,11.77958012,11.83990002,11.73237991,11.87314034,12.22560978,12.40295982,12.54948997,12.32771015,12.48701954,12.5227499,12.35890961,12.4894104,12.45662975,13.00067997,13.13239002,13.19771957,13.26426983,13.26426983,13.26426983,6.414351989,6.547884967,6.681417946,6.814950924,6.948483902,7.08201688,7.196473719,7.310930557,7.425387396,7.539844234,7.654301073,7.81644826,7.978595448,8.140742636,8.302889824,8.6944866180000009,9.086083412,9.477680206,9.591139793,9.163060188,8.548800468,8.65089035,9.116559982,9.802619934,9.723939896,9.695640087,9.667340279,9.730019569,9.86211879,9.99601145,10.1317219,10.1317219,10.1317219,11.074391135375901,11.023704204692628,11.099197368206035,11.05504162957031,11.03944885558452,11.03470597247955,11.013938019314908,11.239027962480977,11.289353102979861,11.275451571908278,11.290174724995541,11.258084998516797,11.271592364417103,11.289342956078237,11.371176794462048,11.292245682832627,11.42771232665258,11.40024783048364,11.39803721257043,11.361439510107704,11.446010292499624,11.543649862398976,11.55044454173809,11.552140692531541,11.527252721903869,11.511036625435445,11.484042928731276,11.42886496857401,11.402782458188762,11.392413379931297,11.37807786481019,11.42693476978039,11.471523901907567
69.729,69.884,69.406,69.578,69.579,69.56,68.982,69.448,70.125,70.601,71.282,71.294,70.705,69.8,69.503,70.609,71.472,72.546,73.608,74.029,73.996,74.431,74.391,74.976,74.928,74.79,75.246,75.952,76.155,76.508,75.346,74.185,74.117,12.47976971,11.46459007,10.93377972,10.64280987,10.62135983,10.81352043,11.30706978,11.46730995,11.69460011,12.15116024,12.20909977,12.38451958,12.8593502,12.96337986,13.08275032,13.0271101,13.79403973,13.92825985,15.41860008,16.64273071,16.19702911,15.56466007,14.68935966,14.65362644,14.61789322,14.58216,14.26296043,14.23019028,14.35554981,14.41685963,14.46557045,14.50753021,14.50753021,8.498106819,8.594471947,8.691929817,8.790492821,8.889055824,8.987618828,9.086181831,9.184744835,9.283307838,9.381870842,9.480433846,9.578996849,9.677559853,9.860065842,10.04257183,10.22507782,10.40758381,10.5900898,10.6749897,10.69618034,10.73447037,10.85896015,10.95590019,11.02073956,10.85933971,10.98408985,11.08049011,11.14865017,11.21188498,11.27511978,11.36019615,11.36019615,11.36019615,9.500288127578383,9.37388190198978,9.287873492961943,9.302678276215357,9.343500863075239,9.40409696960204,9.443742827519998,9.396128409410947,9.374752451384284,9.372236911029201,9.403263159952939,9.468714693350439,9.538208128865891,9.555441689331866,9.641154786922543,9.704969271910729,9.782963143998382,9.866685092809632,9.983798508843167,9.945699357622104,9.913047764728649,9.961485905667177,9.980127425436592,9.988557695299226,10.043818844974687,10.072977616713624,10.103485343876347,10.18707712675423,10.246828745198659,10.294480344723764,10.261264463586016,10.319299675514221,10.362221152910204
68.535,68.425,67.56,65.019,63.935,64.101,65.422,66.365,66.772,65.631,65.271,65.417,65.14,65.264,65.904,66.075,67.279,68.153,68.494,69.212,69.386,70.398,70.769,71.302,71.566,72.101,72.661,73.374,73.531,73.933,71.342,69.419,70.116,12.65668964,12.43470001,12.17432022,11.85124969,11.58718967,11.57287979,11.68416023,11.81155968,12.01319027,12.2757597,12.77926731,13.28277493,13.78628254,14.28979015,14.18550014,14.08121014,14.10838032,14.25759983,14.29710007,14.00940037,14.33085012,14.65229988,14.64214993,14.79650974,14.87290001,15.19925022,15.17415047,14.85986996,15.51605988,15.52429962,15.66174936,15.66174936,15.66174936,9.652386365,9.840884146,10.02938193,10.21787971,10.40637749,10.59487527,10.88737183,11.17986838,11.47236494,11.7648615,12.05735805,12.118024,12.17868996,12.19929993,12.21990991,12.24051988,12.26112986,12.28173983,12.30234981,12.32295978,12.34356976,12.34974792,12.35592608,12.36210424,12.3682824,12.37446057,12.38063873,12.38681689,12.39299505,12.39917322,12.40535138,12.41152954,12.41152954,9.973378484246254,9.917846372004975,9.751341567548085,9.662269092946815,9.534251626593775,9.488468922263314,9.44614399255337,9.454761412247146,9.381364465407955,9.450086583599994,9.559964786845606,9.627607822956852,9.67323087217132,9.736606757448365,9.818277889484722,9.880298187040967,9.956236203453422,10.046773509142339,10.090792278111827,10.007935630649396,10.05127309608139,10.092331816812571,10.128780511018833,10.139954992111724,10.131727159274524,10.117418879309673,10.118530097929215,10.135941301148861,10.164990343349416,10.179772575904902,10.164845451556971,10.221225757908979,10.203290233119368
48.431,46.519,44.319,42.166,14.098,39.969,40.698,40.64,41.681,44.616,47.129,49.021,51.032,53.368,55.491,57.316,58.714,59.965,61.134,61.958,62.54,63.261,64.009,64.426,64.94,65.298,65.737,65.941,66.251,66.437,66.774,66.072,67.129,5.753600121,5.741516749,5.729433378,5.717350006,5.705266635,5.693183263,5.681099892,5.66901652,5.656933149,5.644849777,6.472990036,6.96875,7.483439922,8.123869896,8.727230072,9.165909767,9.967000008,10.40380955,10.36229038,10.8391304,11.03831959,11.20827961,11.3453598,11.05461025,11.02917957,10.63661003,11.0656004,11.11161041,10.78695965,10.85398006,11.03049342,11.20700677,11.38352013,1.902254862,1.947649581,1.993044299,2.038439017,2.083833736,2.129228454,2.194078051,2.258927649,2.323777247,2.388626844,2.453476442,2.570205717,2.686934993,2.803664269,2.920393544,3.03712282,3.181953588,3.326784356,3.471615124,3.616445892,3.76127666,3.763438313,3.765599966,3.910889983,4.05618,4.095149994,4.1750899950000004,4.255029996,4.334969997,4.6066401,4.878310204,4.878310204,4.878310204,6.834951252152849,6.785817737178763,6.820958011905708,6.7023332963325295,6.166808350698431,6.644994762277097,6.587104240413274,6.584897967645598,6.637379987805518,6.67110530381558,6.736753331033401,6.8004378932356815,6.908250731225402,6.902731365938162,6.948803359942927,7.016795819036367,7.078440875639456,7.129691887834233,7.2061545292738725,7.240898696943479,7.283835387317566,7.334678891031733,7.38798153059545,7.406863569741766,7.436647188180755,7.501404568401768,7.526458953872517,7.535844834626789,7.589157262464807,7.658220619621921,7.6106234606358445,7.692953309405738,7.747946206413353
70.326,70.602,70.799,71.114,70.992,71.002,70.904,70.775,70.69,70.709,70.768,71.135,71.472,71.771,72.028,72.245,72.465,72.599,72.698,72.722,72.72,72.944,72.882,72.735,72.864,73.138,73.112,73.127,73.357,73.445,73.416,71.111,71.294,11.76698299,11.81594472,11.86511018,11.91448021,11.96405567,12.01363113,12.06320659,12.11278204,12.1623575,12.21193296,12.26150842,12.31108388,12.36065934,12.4102348,12.45981026,12.75965023,13.17329979,12.93115044,13.44637966,13.56145,13.24927998,13.54673004,13.02902031,12.52221012,12.93836021,13.74295998,14.2289896,13.84930992,13.74868965,12.70969009,12.68871975,12.69952011,12.71032047,6.565525952,6.654469967,6.744618918,6.834767869,6.92491682,7.01506577,7.105214721,7.195363672,7.285512623,7.3756615740000004,7.465810525,7.555959476,7.646108427,7.736257377,7.826406328,7.916555279,8.00670423,8.096853181,8.187002132,8.277151083,8.367300034,8.363389969,8.359479904,8.355569839,8.387148221,8.418726603,8.450304985,8.481883367,8.513461749,8.545040131,8.576973425,8.576973425,8.576973425,9.226327292438913,9.21360573885811,9.279507616525935,9.256199417946018,9.263968564466373,9.256215030185489,9.313808462626818,9.298066892939392,9.355279129750809,9.384760326505303,9.375634372599796,9.327429462019106,9.339607497649174,9.359743328322331,9.405918087203828,9.395944981981733,9.47617051334744,9.480651088824066,9.520859519744059,9.522096891847267,9.52591644150446,9.577892733622903,9.560639125247281,9.538690262903703,9.507259845464478,9.478090755993753,9.532615826633705,9.570903279778637,9.594640594375367,9.580648671247765,9.394324611580004,9.458830143111062,9.600918300556236
78.67,78.854,78.844,78.929,79.214,79.606,79.244,79.609,80.034,80.257,79.949,80.419,80.766,80.731,80.703,81.218,81.557,81.853,82.206,82.493,82.684,82.762,82.575,82.391,82.895,82.927,82.973,82.916,82.948,82.986,79.589,80.879,83.433,14.92971307,14.94565391,14.96161176,14.97758666,14.99357861,15.00958763,15.02561375,15.04165698,15.05771734,15.07379485,15.08988953,15.10603583,15.12218213,15.13832843,15.15447474,15.17062104,15.18676734,15.20291364,15.21905994,15.25316,15.28726006,15.16924,15.07450008,14.54367177,14.01284345,13.48201513,12.95118682,12.4203585,11.88953018,12.09445953,12.41341019,12.43323994,12.40295982,8.332661106,8.417467034,8.503136077,8.589677019,8.677098734,8.765410187,8.854620433,8.944738618,9.035773985,9.127735866,9.220633693,9.314476991,9.409275381,9.505038586,9.601776423,9.699498813,9.798215775,9.897937433,9.998674011,10.10043584,10.20323335,10.30707709,10.4119777,10.51794594,10.62391418,10.72988242,10.83585066,10.9418189,10.80146027,10.66110164,10.52074301,10.52074301,10.52074301,10.916285441732922,10.917515248825747,10.911056462974972,10.979407539116524,11.032365130232979,11.107014564361352,11.14052807922869,11.175297777112261,11.21857538951659,11.263143486473835,11.25746658219003,11.284138802462374,11.285918813232831,11.311849256287593,11.33131453030455,11.327840251994138,11.357281994768975,11.385481047580608,11.371154598517679,11.198431935304727,11.160463712917846,11.032813662077206,10.85053274186243,10.877809771144484,10.861204738320147,10.791641105115813,10.802711052877562,10.89513703719739,10.890304157715933,10.915314480670965,10.837527974892584,10.916692841240499,10.962779207619077
61.471,61.429,61.284,61.138,61.069,61.056,61.097,61.181,61.187,61.393,61.655,62.032,62.6,63.166,63.731,63.709,64.398,64.724,65.079,65.116,65.249,64.902,65.746,66.328,66.845,67.249,67.492,68.267,68.355,68.523,67.785,67.591,68.794,8.134058091,8.220432674,8.307724459,8.395943185,8.485098694,8.575200936,8.666259962,8.758285933,8.851289117,8.94527989,9.04026874,9.136266266,9.233283177,9.331330299,9.598179817,9.876130104,9.966490269,10.05685043,9.828789711,10.30838966,10.17840004,10.396595,10.61478996,11.10060501,11.58642006,12.4100399,12.4259358,12.44183169,12.45772759,12.47362348,12.6637182,12.6637182,12.6637182,4.109171154,4.15956813,4.2105832,4.262223945,4.314498039,4.367413249,4.420977438,4.475198566,4.530084689,4.585643964,4.641884646,4.698815093,4.756443764,4.814779222,4.873830136,4.933605281,4.994113539,5.055363901,5.117365468,5.180127455,5.2436591870000004,5.307970104,5.373069763,5.440604074,5.5081383840000004,5.575672695,5.643207005,5.710741316,5.778275626,5.845809937,5.915788918,5.915788918,5.915788918,7.771042281034018,7.7365407286428285,7.722887922839219,7.708521371502125,7.7166640196149725,7.70605990908338,7.722060334018218,7.708564083867423,7.7036333129167955,7.7399265019098955,7.74585632314699,7.804219414024845,7.802041610443666,7.859434812374112,7.868426871365808,7.918372466235093,8.026675682525529,8.042055534535695,8.065941955968418,8.065360253406629,8.112198167201324,8.134476139449058,8.122417012617364,8.17693832257375,8.228993789972886,8.229593941667895,8.259125159550885,8.274706438558672,8.291133098626714,8.293958676965007,8.318970133798699,8.317228197821272,8.307485706782398
68.948,69.366,69.925,70.303,70.705,71.011,71.273,71.483,71.879,72.136,72.467,72.974,73.337,73.628,74.153,74.588,74.81,75.046,75.274,75.431,75.763,76.234,76.461,76.626,76.757,76.918,77.064,77.16,77.212,77.304,76.239,76.936,77.905,11.09114828,11.21455822,11.33934133,11.46551288,11.59308833,11.7220833,11.85251359,11.98439515,12.11774415,12.2525769,12.38890993,12.52675992,12.66614374,12.80707848,12.94958138,13.09366989,12.90024471,12.70681953,12.89645225,13.08608497,13.27571768,13.4653504,13.65498311,13.84461583,14.03424854,14.22388126,14.41351397,14.60314669,14.79277941,14.98241212,15.17204484,15.17204484,15.17204484,5.574122405,5.674557043,5.774991681,5.875426319,5.975860957,6.076295595,6.194808468,6.31332134,6.431834213,6.550347086,6.668859959,6.882584929,7.0963099,7.310034871,7.523759842,7.761379878,7.998999914,8.236619949,8.474239985,8.711860021,8.949480057,9.187100093,9.424720128,9.662340164,9.801830053,9.941319942,10.08080983,10.22029972,10.58370972,10.94711971,11.31052971,11.31052971,11.31052971,10.68739694587711,10.769399352918173,10.763234336594472,10.725575969836585,10.688510258494906,10.67225968229023,10.656082040738305,10.63965851023302,10.65092390686465,10.590906926989296,10.612007101221296,10.578289974996986,10.524323493697059,10.605262192558412,10.662742272446168,10.688487914588732,10.678753275962903,10.663108350258305,10.68942086813229,10.630104316603605,10.642276367032599,10.724351068217468,10.75574097247306,10.765468149405521,10.787254392084643,10.8137797302041,10.814103980957237,10.784427545031239,10.783288123519727,10.76908751331122,10.726857773371819,10.767245357153191,10.832110668198546
56.948,57.139,57.112,56.996,56.955,56.839,56.672,56.591,56.418,56.609,56.943,57.564,58.231,59.122,60.027,60.915,61.75,62.543,63.242,63.923,64.615,65.262,65.457,66.072,66.452,66.879,67.497,67.75,68.097,68.526,68.006,67.093,67.913,4.31622616,4.406959376,4.499599934,4.594187927,4.688775921,4.783363914,4.877951908,4.972539902,5.093080044,5.213620186,5.490004158,5.76638813,6.042772102,6.319156075,6.595540047,6.874909878,7.001580238,7.388890028,7.776199818,7.958699942,8.141200066,8.799389839,9.017259598,9.0559597019999991,9.293149948,9.290579796,9.196184874,9.101789951,9.007395029,8.913000107,9.053489685,9.067919731,9.144550323,1.997784188,1.972357844,1.946931499,1.921505155,1.896078811,1.870652467,1.83977762,1.808902774,1.778027927,1.747153081,1.716278234,1.649080039,1.581881843,1.514683648,1.447485452,1.380287257,1.540109992,1.709369993,1.878629994,2.047889996,2.217149997,2.386409998,2.584450006,2.782490015,2.657179952,2.531869888,2.891940117,2.830689907,2.998349905,2.84145999,2.88736686,2.88736686,2.88736686,7.788266315883482,7.785489012627522,7.779751580653526,7.757248444209089,7.730651374985672,7.760809932478462,7.768927088497808,7.774437958807736,7.8120661824053705,7.844079566388455,7.858186314401811,7.8789707235756685,7.853317578063396,7.886514131818804,7.908901613700383,7.92631605488239,7.925904913978398,7.927567697223332,7.9400029913104575,7.932689544388586,7.940117282190833,7.91992387640566,7.931033182631406,7.927203519314731,7.957350071142777,7.984818301748562,8.018526645872877,8.060880421190658,8.096384166295449,8.114360546035632,8.102602298107687,8.13771986147093,8.150123285436253
44.057,43.506,43.621,43.594,42.925,42.716,43.68,43.715,42.789,42.071,45.05,45.661,46.359,46.963,47.577,48.237,49.323,50.365,51.526,52.626,53.693,54.62,55.451,56.313,56.393,57.189,58.404,58.652,59.796,60.255,59.763,60.062,60.411,4.661960125,4.208509922,4.427687931,4.64686594,4.866043949,5.085221958,5.304399967,5.523577976,5.742755985,5.961933994,6.181112003,6.400290012,6.614043395,6.834935596,7.063205033,7.299098089,7.542869371,7.794781994,8.046694616,8.298607239,8.550519861,8.596806296,8.64309273,8.689379165,8.735665599,8.781952034,8.828238468,8.874524903,8.921549732,8.968823739,9.016348244,9.016348244,9.016348244,1.902686429,1.994208055,2.08572968,2.177251306,2.268772932,2.360294557,2.442182328,2.524070098,2.605957868,2.687845639,2.769733409,2.861255035,2.952776661,3.044298286,3.135819912,3.164591459,3.193363006,3.222134553,3.250906101,3.279677648,3.308449195,3.337220742,3.365992289,3.394763836,3.423535384,3.452306931,3.481078478,3.509850025,3.50654006,3.503230095,3.519426358,3.519426358,3.519426358,7.475230904168382,7.412887928880181,7.293342050968281,7.352664279183464,7.308681358602257,7.271840706536539,7.008435766472349,6.816293952181335,6.764739996450238,6.690787258265286,6.709667582936225,6.817932402155442,6.997188721817383,7.050116578360686,7.077583237282768,7.094117906307502,6.9753516722471085,7.2392131467860334,7.300123133285078,7.306257315744554,7.25718616840024,7.314991584260768,7.286302694845228,7.55305048753272,7.557551671358282,7.3190065502483455,7.353533774852064,7.357604724605508,7.37526580114248,7.399271949382918,7.348302060326308,7.372976645164521,7.385644325197188
74.944,75.329,75.601,75.802,75.885,75.976,76.536,77.228,77.987,78.47,79.069,79.186,79.302,79.398,79.765,80.354,80.71,80.958,81.17,81.456,81.691,81.975,82.243,82.516,82.652,82.826,83,83.224,83.458,83.758,82.861,82.754,84.133,14.87521681,14.93952918,15.00411961,15.06898929,15.13413944,15.19957125,15.26528596,15.33128478,15.39756895,15.46413969,15.53099825,15.59814587,15.6655838,15.7333133,15.80133562,15.86965203,15.9382638,16.00717222,16.07637856,16.1458841,16.21569016,16.28579801,16.35620898,16.42692436,16.49763974,16.56835513,16.63907051,16.67643929,16.74200058,16.74119949,16.78735924,16.90273094,16.90273094,6.363349915,6.661061954,6.958773994,7.256486034,7.554198074,7.851910114,8.122598124,8.393286133,8.663974142,8.934662151,9.205350161,9.47603817,9.746726179,10.01741419,10.2881022,10.55879021,10.43768024,10.53822041,10.80021,10.81105995,11.18054008,11.24769974,11.25349998,11.37757015,11.44260979,11.57108974,11.58815956,11.5461998,11.74279022,11.85017014,11.92488003,11.92488003,11.92488003,10.557325426438503,10.584907739912653,10.631109240234753,10.685415526640364,10.782436407250747,10.827726119527318,10.855337287254585,10.932526397467829,10.877863055770804,10.904561779112143,10.951976979663028,10.924080013351222,10.935721463234282,10.961433499326425,11.00929204849682,11.067217025977458,11.152039513026685,11.200636805607761,11.171455333634283,11.121887708065072,11.271592322028035,11.285236092675225,11.29941986639254,11.318716614512045,11.360543456837322,11.340436784607189,11.371959093146033,11.39302389588078,11.369331892727983,11.367385855957268,11.307506453198242,11.390970049380062,11.393704283565313
63.375,63.265,63.341,63.045,62.612,62.262,61.459,60.805,60.001,59.241,58.47,57.261,55.666,54.331,54.043,53.98,54.278,54.992,56.022,57.447,58.899,60.651,61.846,62.533,63.38,63.95,64.747,65.402,65.674,66.175,65.252,62.341,61.48,11.99145985,12.4724102,12.7001435,12.92787679,13.15561008,13.17712731,13.19864453,13.22016176,13.24167898,13.2631962,13.28471343,13.30623065,13.32774787,13.3492651,13.37078232,13.39229955,13.41381677,13.43533399,13.45685122,13.47836844,13.49988567,13.52140289,13.54292011,13.91226006,14.2816,14.60560989,14.24452019,14.26511002,14.0805397,14.21393013,13.98349953,14.26364994,14.26364994,6.514614789,6.861927072,7.209239355,7.556551638,7.903863921,8.251176204,8.052425244,7.853674285,7.654923325,7.456172365,7.257421406,7.458179951,8.52159977,8.75883007,8.823040009,8.899390221,8.950360298,9.075610161,9.215040207,9.600049973,9.669320107,9.693719864,9.93432045,10.04018545,10.14605045,10.23357964,9.271260262,10.14218044,10.7576704,11.37316036,10.55465984,11.60696983,11.60696983,9.219258790392782,9.192272824601881,9.152990540475866,9.148414952752022,9.164938255839694,9.177889250607377,9.202563617657123,9.21440485575969,9.205294721564353,9.217633431845583,9.249213577640345,9.260346635444643,9.292799322797112,9.310442266791787,9.352279864376154,9.393826755928828,9.438690054242352,9.467810025818272,9.48959964100051,9.47020854687939,9.4886150813686,9.503086871789181,9.512095650923264,9.524034899301729,9.521819314253225,9.515955774941748,9.509988068954568,9.515150258628422,9.517908272674614,9.510892874470208,9.441321701899344,9.47636228523713,9.486877888163907
77.002,77.13,77.59,77.73,78.117,78.203,78.342,78.853,78.943,78.948,79.417,79.744,79.824,79.755,80.336,80.328,80.972,80.98,81.29,81.641,82.021,82.197,82.211,82.72,82.858,82.646,83.041,83.029,83.144,83.532,82.289,83.01,83.912,14.35657978,14.61468029,14.79841995,15.25714016,15.57324028,15.75236034,15.92306995,15.8614502,15.76968956,15.7280798,15.8646698,15.92284966,15.97021961,15.89052963,15.93443966,15.98174,15.93113041,15.91164017,15.8737402,15.95915985,16.40280914,16.7514801,16.98982048,17.16381073,17.28533936,17.40423965,17.43898964,17.48012924,17.51925087,17.50081062,17.4695797,17.80905914,17.80905914,5.879199312,6.070390224,6.267798644,6.465207063,6.662615483,6.860023902,7.057432321,7.254840741,7.45224916,7.64965758,7.847065999,8.044474418,8.241882838,8.439291257,8.636699677,8.923020363,9.02989006,9.121709824,9.187439919,9.251560211,9.363030434,9.484009743,9.510689735,9.615365028,9.720040321,9.912139893,10.01107979,10.07671499,10.1423502,10.37387514,10.60540009,10.60540009,10.60540009,10.21364817359043,10.235749443076676,10.238029952863432,10.227955022280653,10.229728881446167,10.270696065726295,10.289620775411679,10.322087548741438,10.360153384380645,10.400446709486442,10.449114675443573,10.474064488424037,10.489284163872313,10.503675269716663,10.516050846282353,10.530485911320085,10.549035195486951,10.559695913761644,10.549351076985808,10.510604072864696,10.512444757843081,10.497724427533832,10.47681884741198,10.467264845385891,10.4871638826855,10.529047322147306,10.560821030545279,10.585701599863322,10.604970349861226,10.617763425876692,10.493372152455043,10.548828471673048,10.597717589845024
71.927,71.751,72.53,73.052,72.882,72.26,72.261,72.136,72.081,72.618,70.355,70.787,71.117,71.373,67.091,72.118,71.969,72.049,71.729,69.187,73.215,73.38,73.906,74.239,74.651,74.927,75.331,75.403,75.748,76.008,76.393,76.399,76.61,11.49196747,11.5777626,11.66419824,11.75127918,11.83901024,11.92872584,12.01844144,12.10815704,12.19787264,12.28758824,12.37730384,12.46701944,12.55673504,12.64645064,12.73616624,12.82588184,12.91559744,13.00531304,13.09502864,13.18474424,13.27445984,13.29590034,13.26900959,13.43556976,13.39808655,13.36060333,13.32312012,13.39883041,13.58215046,13.61195354,13.64182201,13.64182201,13.64182201,8.174521818,8.355011902,8.535501986,8.71599207,8.896482153,9.076972237,9.286844428,9.496716618,9.706588809,9.916460999,10.12633319,10.16411018,10.15491445,10.14571871,10.13652297,10.12732724,10.1181315,10.10893576,10.09974003,10.19462967,10.23958833,10.28454699,10.32950565,10.37446431,10.41942297,10.46438163,10.50934029,10.57874966,10.64155006,10.63134003,10.82730007,11.24960995,11.24960995,8.297456899296085,8.329147152032057,8.36598851020391,8.423573037653057,8.461864313002307,8.500215750188953,8.52843075165189,8.585997255426845,8.621408254794012,8.655409442260272,8.707247717748288,8.684793971798678,8.716271172072187,8.769510191509582,8.812332864806313,8.861496297586797,8.92411562976931,8.982261989135488,9.018278764033933,9.053998648548347,9.133333831860991,9.205737412593956,9.277856032657636,9.299855310854463,9.343991742778035,9.385926071232397,9.429647434168304,9.488905994337072,9.503443003367453,9.492730332372524,9.44064275360807,9.469532090776882,9.384251532833328
49.732,50.213,45.891,46.575,56.644,51.991,52.276,52.833,48.81,57.015,58.319,58.562,58.976,58.2,56.773,57.279,60.281,61.256,61.206,62.644,63.016,63.246,63.792,63.678,64.269,64.659,64.78,65.445,65.681,65.876,65.614,65.267,65.578,3.575123192,3.716464477,3.863393641,4.0161316,4.174908003,4.339961577,4.511540488,4.689902714,4.875316429,5.068060413,5.268424466,5.476709843,5.597040176,5.778049946,6.159719944,6.340129852,6.644569874,6.608520031,7.160170078,7.38876009,7.41782999,7.157400131,7.529759884,7.8261199,7.872330189,7.932330132,8.043066338,8.155348435,8.269198002,8.384636922,8.501687381,8.501687381,8.501687381,1.5,1.594,1.688,1.782,1.876,1.97,2.064,2.158,2.252,2.346,2.44,2.538,2.636,2.734,2.832,2.93,2.97,3.01,3.05,3.09,3.13,3.228,3.326,3.424,3.522,3.62,3.67,3.72,3.77,3.82,3.87,3.87,3.87,7.832565766845813,7.807859859835399,7.887114519054082,7.946106171359433,7.956090238749325,7.995995275934114,8.064194698645327,8.216250141989068,8.23184641084651,8.227497374073875,8.254546851089092,8.296373597869096,8.32039306642248,8.357777094914212,8.374378327033444,8.404352840070795,8.4286622655149,8.457971863160164,8.453367957588778,8.42508839631302,8.375950558539753,8.44810851878712,8.406946190311036,8.390018117044873,8.455050340022314,8.438962399215313,8.443058671494741,8.396018509725431,8.322933628057132,8.27876837402995,8.204800965500246,8.175837389377284,8.16472819292244
77.588,77.728,78.071,78.135,78.746,78.821,79.043,79.271,79.415,79.508,79.738,79.836,79.935,80.195,80.546,80.621,80.832,80.97,81.137,81.363,81.519,81.758,81.73,81.935,82.223,82.183,82.339,82.438,82.533,83.052,82.427,82.983,83.505,12.94981956,13.11555004,13.40452003,15.38564968,15.79784012,16.107700349999998,16.5232296,17.15633011,18.52182007,18.8115406,18.69342995,18.68438911,18.55690002,18.55674934,16.02107048,16.00225067,15.96051025,15.81301022,15.79736996,15.79718018,15.98805046,15.87300014,15.91219044,18.18398094,18.09351921,18.32088089,18.42341995,18.86420059,18.89518929,18.52235985,18.65209007,19.03676987,19.03676987,9.553979874,9.707380295,10.01762962,10.20709038,10.35719967,10.52972031,10.71294912,10.89617793,11.07940674,11.26263555,11.44586436,11.62909317,11.81232198,11.99555079,12.1787796,12.25926018,12.33154011,12.40091991,12.07044983,12.13978958,12.20699024,12.27527046,12.34175968,12.23344994,12.29454041,12.35441017,12.41359997,12.48604965,12.54788494,12.60972023,12.67372015,12.67372015,12.67372015,10.417923550849427,10.390215590927935,10.35535120685662,10.321150774889631,10.373873882292681,10.408610746711478,10.424545091269135,10.455152272052146,10.50664470724233,10.565596953631696,10.61282270229169,10.624685675058355,10.645270630843243,10.678315221259282,10.705660933340178,10.737665866229527,10.789690844306362,10.820133527104124,10.812200595307253,10.748677460466116,10.801529584938642,10.818738458178322,10.80783735402383,10.810728736692141,10.82572890529505,10.846666174006103,10.852366150712397,10.875568254769517,10.885361918539466,10.904873519037794,10.881728288225714,10.931460398612808,10.950733701356503
77.385,77.648,77.944,78.233,78.494,78.565,79.049,79.232,79.475,79.723,79.834,80.251,80.443,80.532,81.053,81.234,81.546,81.699,81.966,81.985,82.283,82.571,82.616,82.69,83.085,82.847,83.445,83.412,83.561,83.78,83.067,83.987,84.255,13.49625969,13.60527039,13.8107996,14.12714958,14.25086021,14.39243984,14.45893955,14.69438457,14.9298296,14.97961998,15.03796959,15.06583977,14.96234989,15.10202026,15.18083,15.22286034,15.31324959,15.42905998,15.48637962,15.51601982,15.6798296,15.6731596,15.82800961,16.02375984,16.08971977,16.1556797,16.1342907,16.16839981,16.25905037,16.3445797,16.43366051,16.5837307,16.5837307,10.53357283,10.52323566,10.51289849,10.50256133,10.49222416,10.48188699,10.51289849,10.54390999,10.57492149,10.60593299,10.63694449,10.75065333,10.86436216,10.97807099,11.09177983,11.20548866,11.73888646,12.27228426,12.80568206,13.33907986,13.32365036,13.32542038,13.41355038,13.5268302,13.64011002,13.71187973,13.66668034,13.73318529,13.79969025,13.85966015,13.90406622,13.90406622,13.90406622,10.956259400320393,10.93554935199341,10.920918751555856,10.915088194214572,10.911489817938254,10.918065814595751,10.920772871135334,10.956978398538645,10.987907292597635,11.00689545368448,11.049296715809316,11.03353627037726,11.013121404024101,11.043159560265774,11.059314504656593,11.09941199118287,11.124270148177374,11.089109415956132,11.0322529551571,11.078692906620914,11.136806265812371,11.098532945141683,11.110688068392228,11.116149928143262,11.109993592310015,11.126084839094288,11.119830937585874,11.116180337431764,11.114694662209407,11.120338153058535,11.10144172336934,11.13532424179486,11.148114465626294
69.817,70.036,70.263,70.193,70.141,70.416,70.347,70.283,70.196,70.425,70.764,71.644,71.939,72.414,72.475,72.769,73.35,73.709,73.551,73.853,73.881,73.305,66.769,63.827,63.153,65.124,65.993,68.481,70.145,71.822,72.14,72.063,72.3,10.29174995,10.33014965,10.17481041,10.0685997,9.92553997,9.720040321,9.778423173,9.836806025,9.895188877,9.953571728,10.01195458,10.07033743,10.12872028,10.47317982,10.85873032,11.33917046,11.53658962,11.58475018,11.61194992,11.72797966,11.89066982,12.01360035,12.25677013,8.396719933,8.201308333,8.005896733,7.810485134,7.615073534,7.549633865,7.484194196,7.418754527,7.418754527,7.418754527,3.780265279,3.877390483,3.974515686,4.07164089,4.168766094,4.265891297,4.284935455,4.303979612,4.32302377,4.342067928,4.361112085,4.543935998,4.726759911,5.104187965,5.48161602,5.859044075,6.23647213,6.613900185,6.192810059,6.488399982,6.39759115,6.308053238,6.21976846,6.132719278,6.045670096,5.958620913,5.871571731,5.784522548,5.768614228,5.752705908,5.736797587,5.736797587,5.736797587,8.3454898286626,8.38960034461433,8.491495056552745,8.5160814542654375,8.598617004923893,8.63923523704456,8.684100765808836,8.728944620457774,8.747224610651084,8.688029589045419,8.655378045101399,8.672608803393675,8.721955368105641,8.70677082294477,8.751190588142864,8.776058916510122,8.79816491359308,8.800925031463313,8.804110497308606,8.847981837421141,8.854420171860948,9.419145761370924,8.965329412299248,8.502274761353947,8.34499941848221,8.407872461785683,8.40578795720259,8.417411303350724,8.412188581305406,8.336618922026176,8.279463878930436,8.219116564952122,8.18705078031331
61.879,61.379,55.074,52.867,57.48,59.338,59.129,60.348,61.519,62.621,63.26,64.057,64.846,65.552,66.028,66.514,67.013,67.217,67.688,68.039,67.742,68.148,68.484,68.885,69.069,69.306,69.549,69.905,70.353,70.867,67.994,71.594,71.288,11.81420321,11.68820953,11.56355953,10.82005024,10.10999012,10.06548023,9.887817621,9.71015501,9.532492399,9.354829788,9.621109962,9.737389565,9.945440292,10.30994034,10.42245007,10.62835026,10.77460003,10.75119972,10.99670029,10.9805603,10.96275997,10.91279984,10.91277981,10.93988037,10.92858056,10.91729242,10.90601594,10.89475111,10.883497910000001,10.87225634,10.86102637,10.86102637,10.86102637,9.306605518,9.499155977,9.691706436,9.884256895,10.07680735,10.26935781,10.37633029,10.48330277,10.59027525,10.69724772,10.8042202,10.84050605,10.8767919,10.91307775,10.9493636,10.98564945,11.02193529,11.05822114,11.09450699,11.13079284,11.16707869,11.20336454,11.23965039,11.27593624,11.31222209,11.34850794,11.38479379,11.42107964,11.37723672,11.3333938,11.28955089,11.28955089,11.28955089,8.37495015598365,8.28634878145808,7.9202217835633295,7.717305384172099,7.245554120987473,7.269241259204036,7.036513823667306,7.081838523881784,7.132243438705155,7.163109647592501,7.211280489257867,7.2839733236998185,7.377490637871598,7.452903006319462,7.548428292409204,7.71171320114853,7.802694153314417,7.854104456410665,7.91361492216511,7.895149618824209,7.950895968573304,8.009438328368187,8.059048258341631,8.116513976728308,8.133146934986167,8.142929807156266,8.174259998777153,8.218562071781452,8.271821207643184,8.321310961465075,8.344142485889394,8.421490691504442,8.477872969296103
51.485,51.306,50.989,50.87,50.797,50.786,50.744,50.624,50.914,51.748,52.362,53.161,53.863,54.895,55.596,56.299,56.911,57.52,58.086,58.894,60.105,61.049,62.03,62.96,63.873,64.651,65.386,65.999,66.535,66.989,66.408,66.201,66.782,5.407980348,5.409420013,5.410860062,5.497560024,5.371089935,5.269070148,5.242219925,5.394370079,5.699363929,6.004357778,6.309351628,6.614345477,6.919339327,7.224333176,7.529327026,7.834320875,8.139314725,8.444308574,8.749302424,9.054296273,9.359290123,9.071298122,8.783306122,8.495314121,8.207322121,7.91933012,7.666830063,7.961319923,8.330985069,8.700650215,9.065139771,8.585740089,8.585740089,3.329101206,3.419726739,3.510352272,3.600977805,3.691603337,3.78222887,3.871004902,3.959780935,4.048556967,4.137332999,4.226109031,4.261249544,4.296390057,4.411692047,4.526994038,4.642296028,4.757598019,4.872900009,4.988202,5.10350399,5.218805981,5.334107971,5.449409962,5.464129925,5.478849888,5.493569851,5.525429885,5.557289918,5.589149952,5.614501462,5.639967963,5.639967963,5.639967963,7.163459039921535,7.162486916613511,7.141344474501205,7.124383805536532,7.104500911818062,7.114319970130482,7.1513068390180905,7.1607573825598205,7.176721892206316,7.193705261481826,7.213683088729105,7.230985669495234,7.290541405450328,7.323235014226254,7.368134340939243,7.406759571729256,7.45941820947115,7.485087913762575,7.514819717237763,7.542419524676017,7.5690842021631655,7.614106707491957,7.633650619884301,7.6679455471018185,7.706511320859573,7.727854163096977,7.755297284991944,7.78923334907341,7.817482526238994,7.838891230487404,7.82496316813894,7.83925505752277,7.854829696020424
70.445,70.717,70.885,71.068,71.227,70.948,71.653,72.501,72.862,72.542,72.316,72.613,72.93,73.155,73.08,73.82,74.938,75.187,75.492,75.842,76.131,76.421,76.772,77.083,77.415,77.717,78.049,78.394,78.662,78.975,79.274,78.715,79.68,8.760849953,9.050733248,9.340616544,9.63049984,9.848629951,10.06676006,10.24217987,10.46321011,10.87125969,11.47934977,12.08743985,12.69552994,12.89072037,13.02565002,13.16057968,13.58127975,13.6553297,14.12827015,14.02313042,14.03966045,13.95051956,14.16273022,13.99042034,13.86569977,16.50494003,16.45110989,16.39727974,16.19328737,15.98929501,15.78530264,15.58131027,15.58131027,15.58131027,4.507717011,4.625411972,4.743106933,4.860801894,4.978496855,5.096191816,5.209178979,5.322166142,5.435153304,5.548140467,5.66112763,6.044813203,6.428498776,6.812184349,7.195869923,7.08158493,6.967299938,7.12835741,7.289414883,7.450472355,7.611529827,7.710706552,7.809883277,7.909060001,8.044580142,8.180100282,8.315620422,8.343885422,8.372150421,8.697119713,8.834560711,8.834560711,8.834560711,8.864212069746538,8.928537066064964,8.998808745179728,9.069027028881015,9.130589421170805,9.193325949428,9.229175584418652,9.183670802363418,9.082603407637158,9.124525676132514,9.169396895077242,9.185602673746969,9.228895164187149,9.283782651748746,9.33387562210195,9.3656599803402,9.41459549967865,9.463162797546305,9.470270767755974,9.457636526687407,9.51624441063736,9.536532114946489,9.577526627507773,9.578819500586048,9.59636696777026,9.622327564974237,9.656515906781143,9.695609604837703,9.72991815263588,9.76047592933827,9.707705341661352,9.709992855233923,9.73427042422532
54.37,54.268,54.299,54.195,54.037,54.037,54.098,54.192,54.199,54.538,54.742,54.86,55.311,55.639,55.569,55.962,56.222,56.511,56.695,57.011,57.304,57.925,58.073,58.684,58.853,59.396,59.55,60.154,60.244,60.901,61.035,61.619,61.588,7.330160141,7.685070038,7.212769985,7.488199949,7.763629913,8.474849701,8.8179798129999991,8.984359741,9.15073967,9.317119598,9.483499527,9.763460159,9.872050285,9.980640411,10.07437992,10.11639977,10.50580025,9.94299984,10.41026235,10.87752485,11.34478736,11.81204987,11.93809986,12.06414986,12.19019985,12.31624985,12.44229984,12.56834984,12.69833781,12.82967018,12.96236085,12.96236085,12.96236085,2.318533345,2.4022797,2.486026055,2.56977241,2.653518764,2.737265119,2.807053749,2.876842378,2.946631007,3.016419636,3.086208265,3.124979726,3.163751186,3.202522647,3.241294107,3.280065568,3.295574152,3.311082737,3.326591321,3.342099905,3.492609978,3.64312005,3.845696727,4.048273404,4.250850081,4.453426758,4.656003435,4.858580112,5.091178373,5.334911976,5.590314011,5.590314011,5.590314011,7.446439828979919,7.410719981709213,7.343661817823671,7.185374560957404,7.298802573466702,7.342689081712406,7.399545739707902,7.50249632656666,7.451649867639604,7.439891154184169,7.406363252692291,7.387471284410688,7.404259257827882,7.444388085389105,7.405295994026788,7.332113398850893,7.330148285656899,7.292421167200651,7.308728572646293,7.333894309208686,7.365518152427953,7.447731322389547,7.444399387842712,7.481275879664332,7.5164844310971395,7.564311853702287,7.576559184751156,7.587938312458804,7.615595403140229,7.63993226408886,7.634539605865749,7.669457765711291,7.702661640220742
67.294,67.518,67.686,67.855,68.014,68.17,68.323,68.49,68.642,68.809,68.978,69.127,69.335,69.495,69.67,69.768,69.894,70.048,70.164,70.012,70.323,70.381,70.442,70.505,70.54,70.607,70.661,70.713,70.779,70.871,70.928,70.986,71.27,11.7700367,11.92300359,12.07795849,12.23492723,12.39393598,12.55501126,12.71817992,12.88346916,13.05090656,13.22052002,12.8110199,13.03806973,13.11610985,13.9333601,14.07183838,14.21031666,14.34879494,14.48727322,14.6257515,14.76422977,14.90270805,15.04118633,15.17966461,15.31814289,15.45662117,15.59509945,15.73357773,15.87205601,16.01053429,16.14901257,16.28749084,16.28749084,16.28749084,9.118815371,9.303388983,9.487962596,9.672536208,9.85710982,10.04168343,10.0284996,10.03272161,10.03694363,10.04116564,10.04538765,10.04960966,10.05383167,10.05805368,10.0622757,10.06649771,10.07071972,10.2396677,10.40861568,10.57756367,10.74651165,10.91545963,10.90745223,10.89944482,10.89143741,10.88343,10.8754226,10.86741519,10.85940778,10.85140038,10.88028609,10.88028609,10.88028609,8.381120508676165,8.432671264518245,8.426415934137708,8.457184389193987,8.539739242278365,8.539203448534888,8.542777333305503,8.532717102163833,8.565805787440427,8.573799104700303,8.585397109334487,8.585114165105953,8.63805916628368,8.618664079209903,8.59935217020756,8.57714050456976,8.569643764488413,8.538076556661583,8.58289368414077,8.541708877526775,8.548632941042337,8.609019154562981,8.618673979434481,8.621125655713925,8.628527605915032,8.648084251954755,8.710965936536539,8.780372306264503,8.803775616877825,8.834402435463687,8.838170810919983,8.775130702869884,8.757811785655516
68.272,68.859,68.391,68.811,68.511,69.17,69.009,68.719,69.16,68.377,69.102,69.646,70.488,69.729,71.076,71.308,71.256,71.652,71.47,73.126,72.725,73.278,73.716,73.962,74.215,74.503,74.281,74.23,73.802,74.228,74.406,72.971,74.708,10.69306493,10.63512039,10.57748985,10.59889984,10.71014716,10.82139449,10.93264181,11.04388913,11.15513646,11.26638378,11.3776311,11.48887842,11.60012575,11.71137307,11.82262039,11.93712083,12.05273018,12.22807184,12.4034135,12.57875516,12.754096819999999,12.92943848,13.0546583,13.18109085,13.30874788,13.43764126,13.56778294,13.69918504,13.83185974,13.96581938,14.1010764,14.1010764,14.1010764,7.252180099,7.421411779,7.590643459,7.759875139,7.929106818,8.098338498,8.267570178,8.436801857,8.606033537,8.775265217,8.944496897,9.113728576,9.282960256,9.452191936,9.621423615,9.790655295,9.959886975,10.12911865,10.29835033,10.30049992,10.47030973,10.64011955,10.75685069,10.87486246,10.99416892,11.11478428,11.23672288,11.35999926,11.48462809,11.61062419,11.73800258,11.73800258,11.73800258,9.278024469658874,9.291269863571374,9.268460218991104,9.255893772998752,9.27111247185837,9.301213942751021,9.366419067414853,9.460029897929163,9.5484309769041,9.619944582170437,9.66336080787134,9.716729454832418,9.795860826517826,9.917752059971999,10.020163509829564,10.056444191637548,10.173866865132737,10.182187979623672,10.185841898071626,10.186089984053973,10.216864815804339,10.13948318411788,10.169302774057316,10.233973217485383,10.254544331499636,10.287601224402515,10.214887531975366,10.176099571253442,10.117914420105567,10.11302251197654,10.06644571593157,9.999085619533322,10.020071592350856
70.11,70.521,70.701,71.235,71.615,71.988,72.38,72.863,73.169,73.508,73.69,73.816,74.059,74.305,74.49,74.764,74.921,75.072,75.185,75.267,75.421,75.46,75.55,75.65,75.65,75.692,75.786,75.845,75.95,75.993,75.292,73.772,74.263,9.835510254,9.925450325,10.0225296,10.24203014,10.69999027,10.98894024,11.2537899,11.34475994,11.93177986,12.28584957,12.53472996,12.76819992,12.9030304,12.99831009,13.3390398,13.62553978,13.77797985,13.875,13.97587013,13.9574604,14.04518986,14.14445972,14.15775967,14.17105961,14.09300041,14.18632984,14.40567017,14.45884188,14.51220985,14.5657748,14.61953746,14.61953746,14.61953746,3.466150007,3.607625518,3.749101028,3.890576539,4.032052049,4.17352756,4.329150621,4.484773683,4.640396745,4.796019806,4.951642868,5.123434559,5.29522625,5.467017942,5.638809633,5.810601324,5.978350858,6.146100392,6.313849926,6.481699944,6.649549961,6.823840141,6.741419792,6.855244875,6.969069958,7.082895041,7.196720123,7.4096651079999996,7.622610092,7.786245249,7.953393173,7.953393173,7.953393173,8.616191994785497,8.626081580862946,8.67731073161535,8.667205485582985,8.685139332432643,8.698992246730064,8.748838689895056,8.796264596497377,8.833883995528089,8.881783182898749,8.913383162789708,8.939549563893738,8.942713674354357,8.98181961876506,9.031529877383198,9.047144189665074,9.093953764322716,9.145182104488843,9.174825832859542,9.199932089036963,9.210655689258463,9.178639588900745,9.212099566685389,9.221965012271887,9.249661881010926,9.256541992565115,9.260808750964562,9.270396992510427,9.285014891754344,9.289282292467297,9.180905706788316,9.222561818921402,9.23957383974881
67.709,68.169,68.486,68.911,69.295,69.609,70.141,70.57,71.039,70.695,71.861,72.231,72.579,72.89,73.24,73.534,73.845,74.193,74.45,74.765,75.069,74.941,75.678,76.297,76.565,76.646,76.66,77.141,77.563,77.832,75.85,76.032,78.475,8.922039986,9.085129738,9.221639633,9.371190071,9.482930183,9.600279808,9.6615848540000009,9.7228899,10.12756014,10.53223038,11.13335514,11.7344799,12.10737991,12.22653008,12.1072998,12.03092003,12.45195961,12.70238972,12.54028034,13.05500984,13.95011044,14.50026035,14.67325974,16.79644966,17.31707954,17.78837967,18.27482986,18.67255974,18.97455978,19.18523026,19.29534912,19.68494987,19.68494987,4.455356985,4.510434245,4.565511506,4.620588767,4.675666028,4.730743288,4.874337575,5.017931862,5.161526149,5.305120436,5.448714723,5.551001064,5.653287406,5.755573747,5.857860088,5.973519802,6.061210155,6.14236021,6.396150112,6.570459843,7.09209013,7.358980179,7.487070084,7.63214016,7.795050144,7.958399773,8.099840164,8.268190384,8.450664997,8.63313961,8.811284129,8.811284129,8.811284129,9.465736437918217,9.453115148447084,9.49621622995426,9.55451508535697,9.47812022486764,9.5374561387453,9.590646189450048,9.65235117497468,9.672498748168188,9.609250041404685,9.656265576807494,9.562955845402728,9.609359096730815,9.647886276123373,9.728438512766877,9.797653722660575,9.851647657210552,9.88502238685928,9.879111375437265,9.815597617545595,9.887421652839173,9.97928470550601,10.012259920450981,10.075085034359958,10.106138994251854,10.1431218403366,10.157577668141423,10.212381203730967,10.240005142414581,10.238189161091677,10.253471151425313,10.351693212276297,10.399205684259988
61.661,61.909,60.491,62.654,62.924,63.098,63.21,63.356,63.418,63.427,63.499,63.543,63.58,63.631,63.693,63.836,63.928,63.931,63.948,63.949,63.978,63.974,63.964,64.008,64.025,64.06,64.108,64.148,64.212,64.278,64.382,64.547,64.854,10.82742023,10.79214144,10.75686264,10.72158384,10.68630505,10.65102625,10.61574745,10.58046865,10.54518986,10.68955644,10.83392302,10.9782896,11.05860347,11.13891734,11.2192312,11.29954507,11.37985893,11.4601728,11.54048667,11.62080053,11.7011144,11.78142826,11.86174213,11.942056,12.02236986,12.82337999,11.39118958,11.39167476,11.39215994,11.18282986,10.94357014,12.23039007,12.10158014,7.12797794,7.243259907,7.360406348,7.477552789,7.59469923,7.71184567,7.828992111,7.946138552,8.063284993,8.180431434,8.297577875,8.414724316,8.531870757,8.649017198,8.766163639,8.88331008,9.00045652,9.117602961,9.234749402,9.351895843,9.469042284,9.586188725,9.703335166,9.820481607,9.937628048,10.05477449,10.17192093,10.28906737,10.40621381,10.52336025,10.64458626,10.64458626,10.64458626,8.044165627324611,8.060874633437896,8.080893726803977,8.11410823449958,8.204036743236898,8.145427604907052,8.08569527915955,8.165546727738317,8.31321534965818,8.294293606839723,8.289451125120355,8.441938508071246,8.622767661064277,8.30917317696933,8.376693909853339,8.330269441317885,8.323606233845988,8.326818863035422,8.392109301388302,8.314176438378528,8.292929257708002,8.271590990825192,8.373619004381638,8.434788394805864,8.394516900640463,8.599184632735893,8.71138021744692,8.677888610098291,8.83280251857789,8.708512205091106,8.745709492904773,8.46967982703094,8.466837085519803
46.443,46.316,46.368,46.237,46.353,46.567,46.67,46.977,47.175,47.786,48.342,49.006,49.648,50.368,51.547,52.976,54.369,55.236,55.823,56.488,57.055,57.965,58.817,59.763,60.408,61.086,61.648,62.115,62.714,62.991,62.851,62.705,63.638,5.745009899,5.766660213,5.242869854,5.566840172,5.590559959,5.621990204,6.179591285,6.737192366,7.294793447,7.852394528,8.409995609,8.96759669,9.525197771,10.08279885,10.64039993,10.60913023,10.57786053,10.64166284,10.70546516,10.76926747,10.83306978,10.8968721,10.96181977,11.02715455,11.09287873,11.15899464,11.22550462,11.29241102,11.35971618,11.42742251,11.49553237,11.49553237,11.49553237,3.175858623,3.2509799,3.327878085,3.40477627,3.481674454,3.558572639,3.635470824,3.712369008,3.789267193,3.866165378,3.943063563,4.019961747,4.096859932,4.272491614,4.448123296,4.623754978,4.79938666,4.975018342,5.150650024,5.521955013,5.893260002,5.50928998,5.125319958,5.316452503,5.507585049,5.698717594,5.88985014,5.974417837,6.060199776,6.147213389,6.235476362,6.235476362,6.235476362,6.7858096943644455,6.8081534791563305,6.795226864988609,6.854971441655604,6.883195704901751,6.969813289006678,7.0326028768629145,7.058452861726128,7.078101444488093,7.122127144096592,7.1068468202363535,7.113890261995365,7.176202867073971,7.208680647096548,7.238665909216453,7.2687111147142955,7.346409968708774,7.403239544392434,7.458715966793659,7.4970563549181115,7.522129277429848,7.584049322370239,7.586993505960799,7.5925751883596675,7.61096986423491,7.634758723675632,7.649433722580461,7.639312715998656,7.661255249592081,7.691775944938969,7.697031188334667,7.699552512120541,7.714492451776885
69.802,69.073,68.629,67.873,67.443,66.828,67.148,67.632,68.399,68.12,67.856,68.181,68.173,68.209,68.402,68.151,68.741,68.766,69.117,70.247,70.621,71.387,71.627,71.862,72.591,73.458,74.312,74.718,74.412,74.536,72.573,71.624,68.564,12.573659899999999,12.49063015,12.18871021,11.90876961,11.75526047,11.9802084,12.20515633,12.43010426,12.65505219,12.88000011,12.79876041,13.54780006,13.91644001,14.2719202,14.25391006,14.51976013,14.72169971,14.90732956,15.03969955,15.07240009,15.05955982,15.03600025,15.05902958,14.9281702,14.92978001,13.77066994,13.63589954,13.67564964,13.64286995,13.71247959,13.58794975,13.32800961,13.32800961,9.276183691,9.458865645,9.6415476,9.824229554,10.00691151,10.18959346,10.31950063,10.4494078,10.57931497,10.70922213,10.8391293,10.93655968,11.03399005,11.13142043,11.2288508,11.32628118,11.36281757,11.39935396,11.43589035,11.47242674,11.50896313,11.43994995,11.37093677,11.30192359,11.2329104,11.16389722,11.15577802,11.14765882,11.13953963,11.13142043,11.12330123,11.12330123,11.12330123,9.729562293374343,9.63235642639148,9.50509837612145,9.332786131774817,9.089911933537811,8.965916449199517,8.868758334932615,8.847159236025977,8.830135955412446,8.830895453325928,8.867909892929703,8.97497349350133,9.036968761897208,9.137051385316115,9.257947917127328,9.292619189384117,9.365128042310475,9.45477517850062,9.473903586646317,9.314639592659676,9.375465020088582,9.418993108744546,9.460274638494079,9.459134004385858,9.412243288941493,9.364909769557498,9.363016947273602,9.395387783583292,9.429931213483842,9.469965235400823,9.449302983571494,9.438821994403527,9.342790149866326
71.9,72.241,72.306,72.521,72.598,72.695,72.767,72.937,73.066,73.67,74.38,74.636,74.901,76.222,76.453,76.683,76.909,77.129,77.488,78.003,78.334,78.517,78.716,78.853,79.044,79.223,79.335,79.504,79.627,79.726,78.946,78.71,79.196,9.683460236,10.05986023,10.09360981,10.2863102,10.39297062,10.49963105,10.60629148,10.71295191,10.81961234,10.92627277,11.03293319,11.13959362,11.24625405,11.35291448,11.45957491,11.56623533,11.67289576,11.77955619,11.88621662,11.99287705,12.09953748,12.2061979,12.31285833,12.41951876,12.52617919,12.63283962,12.73950005,14.21214962,15.48441458,16.75667953,17.20813942,17.20813942,17.20813942,5.759906188,6.058643774,6.35738136,6.656118945,6.954856531,7.253594116,7.499131858,7.7446696,7.990207341,8.235745083,8.4812828240000009,8.583590217,8.685897609,8.788205001,8.890512394,8.992819786,9.160983432,9.329147079,9.497310725,9.665474371,9.833638018,10.00180166,10.16996531,10.33812896,10.5062926,10.67445625,10.8426199,12.05539989,12.48400021,12.69402981,12.73389006,12.77375031,12.77375031,11.485873062163758,11.425978834539041,11.397816645732572,11.399590956254269,11.452639036566204,11.505461633047798,11.501950462148002,11.507756295202777,11.461821996248856,11.442506193265153,11.50157634919842,11.490048850948355,11.423571140803988,11.450687479144214,11.501175608274226,11.491042337864439,11.456884986196183,11.319591197024547,11.155300522640172,10.963503657831629,10.908866401814318,10.965618506817789,11.002324204033016,11.042105902301333,11.073871559739096,11.133138947703891,11.179293727827925,11.180087405500382,11.181542291791105,11.186241059049253,11.117709225970035,11.149808323134971,11.213220944170555
75.736,75.91,76.306,76.163,76.722,76.616,76.875,77.142,77.277,77.376,77.853,78.124,78.241,78.334,78.904,79.112,79.355,79.542,79.665,80.167,80.401,80.805,80.866,80.929,81.16,80.924,81.075,81.168,81.125,81.725,80.434,80.742,82.156,13.64140034,13.9190197,14.26535988,14.46231492,14.65926997,14.85622501,15.05318006,15.2501351,15.44709015,15.80356979,15.99559975,16.03302956,16.12589073,16.10835075,16.55463982,16.61314964,16.03277969,15.90275955,16.0535202,16.22117996,16.45912933,15.77952957,15.69824028,17.66764069,17.50185966,17.30816078,17.35995007,17.41173935,17.15052032,17.17925072,17.16798019,17.6342907,17.6342907,9.635440148,9.724416059,9.81339197,9.902367882,9.991343793,10.0803197,10.20401792,10.32771614,10.45141436,10.57511258,10.69881079,10.95271766,11.20662453,11.4605314,11.71443827,11.96834514,12.24829374,12.52824234,12.80819094,13.08813953,13.21277046,13.18756962,13.33852959,12.83395004,12.88897991,12.97976335,13.07054679,13.16133022,13.24292692,13.32452361,13.4061203,13.4061203,13.4061203,10.34416823990745,10.330645759676115,10.334649128877741,10.355858463853588,10.394447852472553,10.414510167098157,10.431436909150829,10.4744847786266,10.507986761342794,10.527627054535213,10.570095160343124,10.590160356729957,10.609471109666407,10.635488216809646,10.649904278175693,10.671484843154467,10.671497335391262,10.683891898335629,10.670561053984345,10.621497202723337,10.646391242822249,10.652883001337477,10.64706155554271,10.649888311158996,10.673778034936525,10.685427194325571,10.697609670322601,10.727830462619428,10.735792275031992,10.759311628154132,10.616414295420377,10.708852004135988,10.749868621870242
75.37,75.523,75.778,75.567,75.738,75.854,76.175,76.498,76.66,76.672,76.811,76.928,77.001,77.154,77.558,77.557,77.839,78.1,78.196,78.564,78.772,78.82,78.944,78.951,79.017,78.869,78.848,78.821,78.99,79.138,77.414,77.198,78.203,15.60052013,15.53299046,15.72849035,15.92399025,15.95798969,15.94429016,15.84595966,15.78919983,15.73243999,15.59130001,15.67743349,15.76356697,15.84970045,15.93583393,16.02196741,16.10810089,16.16569567,16.22329044,16.28088522,16.33848,16.39607477,16.45366955,16.51126432,16.5688591,16.55954933,16.59604073,16.67295074,16.67160034,16.64285088,16.63553047,16.62663078,16.41274071,16.41274071,12.98377037,13.03085279,13.07793522,13.12501764,13.17210007,13.13735104,13.10260201,13.06785297,13.03310394,12.99835491,12.96360588,12.92885685,12.89410782,12.85935879,12.82460976,12.82981014,12.91230011,12.95113516,12.98997021,13.00603962,13.05183983,13.10287952,13.14148045,13.20003033,13.22457981,13.25187969,13.34290981,13.41329002,13.50162029,13.59252501,13.68342972,13.57549953,13.57549953,10.619378314876338,10.604274651704152,10.624658498061775,10.638398331048643,10.664249029651776,10.679329562936339,10.704888970948415,10.735267213086056,10.766666447159766,10.803290199332979,10.832653675279445,10.83327003484979,10.840250597220976,10.860135817677108,10.889831982275245,10.914296159333064,10.92975560247584,10.943351554480033,10.938196777498597,10.903741164618452,10.925358177363151,10.934970664637097,10.949294537288639,10.960024786932426,10.975070666590165,10.993221571075228,11.002845961620494,11.021303055391536,11.044185293385608,11.061222469396705,11.019882477076386,11.0741656962149,11.090796350033559
73.162,73.305,73.441,73.579,73.728,73.896,74.088,74.298,74.527,74.769,75.025,75.285,75.54,75.785,76.007,76.194,76.362,76.498,76.623,76.738,76.858,76.983,77.111,77.24,77.366,77.483,77.571,77.625,77.611,77.508,78.43,75.436,78,12.9682703,13.05552959,12.86606026,12.98691773,13.10777521,13.22863269,13.34949017,13.72067022,14.09185028,14.13204002,14.16732025,14.68060017,15.13469982,15.54574966,15.48838997,15.11001015,15.16135025,14.78962994,14.53896999,14.59895039,15.15231991,15.37341976,15.4978199,15.84080982,15.88829994,15.8863802,16.1406002,16.33597946,16.26915932,16.45783043,16.5159893,17.35183907,17.35183907,7.151282631,7.189396058,7.227509486,7.265622914,7.303736342,7.341849769,7.466219902,7.67811421,7.890008518,8.101902825,8.313797133,8.525691441,8.737585749,8.949480057,8.631463369,8.313446681,7.995429993,8.183539867,8.371649742,8.372019768,8.327150345,8.404020309,8.478859901,8.523880005,8.613840103,8.669449806,8.70388031,8.831359863,8.906729698,8.982549667,9.058219782,9.058219782,9.058219782,9.281948499763889,9.322591210543603,9.39795573432283,9.419909306062618,9.482074757118662,9.46434371344315,9.514775078897626,9.597370680525138,9.635819628145688,9.62166724764029,9.59721199835694,9.555018291137925,9.48128752782701,9.443875640282721,9.489354447400721,9.574686988835502,9.619829142287568,9.681467484253444,9.741410266675913,9.777754991527761,9.845732047178394,9.89656266475112,9.889256141693055,9.952686721623072,9.970346529956387,9.989826664189378,9.997707242972993,10.003570263854737,10.001808342266687,10.016520091317506,9.945628461705947,9.945143401702946,10.008162396224648
71.532,71.832,71.806,71.925,71.853,72.143,72.111,72.703,72.668,72.254,72.478,71.201,72.662,71.94,72.514,72.782,72.742,73.058,72.436,72.579,72.89,72.913,73.036,73.196,72.853,73.006,72.058,71.943,71.979,72.161,71.095,70.554,71.105,10.27801037,10.53991032,10.67339039,10.6458478,10.61830521,10.59076262,10.56322002,10.53567743,10.50813484,10.48059225,10.45304966,11.04607487,11.63910007,11.66431999,11.8837204,12.42912769,12.97453499,13.51994228,14.06534958,14.1207304,14.0765901,14.03258778,13.98872301,13.94499536,13.90126771,13.85754005,13.8138124,13.77008475,13.68074459,13.59140443,13.50206427,13.50206427,13.50206427,5.338530064,5.586430029,5.834329995,6.082229961,6.330129927,6.578029893,6.825929858,7.073829824,7.32172979,7.569629756,7.817529722,8.065429688,7.954711723,7.843993759,7.733275795,7.622557831,7.511839867,7.989500046,8.13836956,8.253210068,8.687755108,9.122300148,9.251977682,9.381655216,9.51133275,9.641010284,10.31229973,10.31063663,10.08314256,9.855648491,9.628154421,9.628154421,9.628154421,9.706555033599995,9.775590201706883,9.811165608504693,9.791182199446059,9.745180153844094,9.762190369782312,9.738926952010466,9.780289953301509,9.763423554546765,9.682059716041135,9.684855932135727,9.701618155584994,9.592527368282543,9.49567261073001,9.647704583754141,9.730199490588042,9.808840992487497,9.877438605539968,9.91373600726279,9.866231172816043,9.83645108746607,9.862761647149163,9.903042103338365,9.902155165302348,9.848429284785924,9.770593442518187,9.580725303068139,9.419149758262234,9.252176412178283,8.966550775288741,8.605152785372699,8.628233009263504,8.729742582263466
69.213,69.849,69.958,70.621,70.759,71.384,71.51,71.802,72.107,72.317,72.462,72.647,72.801,72.98,73.135,73.271,73.319,73.436,73.411,73.498,73.513,73.692,73.704,73.775,73.855,73.876,73.938,73.963,73.976,74.093,75.378,73.618,74.58,7.688290119,8.000851333,8.313412547,8.625973761,8.938534975,9.251096189,9.563657403,9.876218617,10.18877983,10.52868585,10.86859187,11.20849789,11.54840391,11.73630043,11.92419696,12.11209348,12.29999,12.353586,12.407182,12.460778,12.514374,12.56797,12.62082667,12.67368333,12.72654,12.78036876,12.8344252,12.88871028,12.94322497,12.99797023,13.05294705,13.05294705,13.05294705,4.101410613,4.238818279,4.376225944,4.513633609,4.651041274,4.78844894,4.959167554,5.129886168,5.300604783,5.471323397,5.642042011,5.854399312,6.066756613,6.279113914,6.491471215,6.703828515,6.914103882,7.124379248,7.334654615,7.544929981,7.62746501,7.7100000380000004,7.792535067,7.875070095,7.957605124,8.040140152,8.12267518,8.205210209,8.287745237,8.370280266,8.455348794,8.455348794,8.455348794,7.586292795223671,7.633836866750957,7.716062509287776,7.769904501204481,7.849391087228796,7.94799841586871,8.014617784491275,8.071840021287063,8.107852954284771,8.14548010384453,8.203543062007281,8.25416242702701,8.30258718235008,8.359507898464118,8.419208701650646,8.481769705979788,8.536373300478338,8.589525129025311,8.632719635951634,8.662421621804906,8.72321472325824,8.777072105187523,8.815454400397295,8.856526099270162,8.904026496737627,8.948670648878984,8.997735444773356,9.048280862811076,9.120617162636226,9.183358279633532,9.210857699139408,9.218798869807545,9.28859527293679
58.699,59.049,59.428,59.859,59.714,60.453,60.568,61.119,61.375,61.975,62.588,63.222,63.906,64.541,65.006,65.543,65.988,66.565,66.963,67.196,67.28,67.419,67.343,67.545,67.384,65.873,66.064,65.957,64.575,65.092,64.65,63.753,63.72,5.393598749,5.551342272,5.71369923,5.880804551,6.052797106,6.229819829,6.412019836,6.599548543,6.792561796,6.991219997,7.207654953,7.424089909,7.640524864,7.85695982,8.075110435,8.133910179,8.045473417,7.957036654,7.868599892,7.943425179,8.018250465,8.368570328,8.288971821,8.210130423,8.131289025,8.052447627,7.973606229,7.894764831,7.908281002,7.921797174,7.935313345,7.935313345,7.935313345,0.29,0.362,0.434,0.506,0.578,0.65,0.76,0.87,0.98,1.09,1.2,1.332,1.464,1.596,1.728,1.86,2.008,2.156,2.304,2.452,2.6,2.8,3,2.901699955,2.803399909,2.705099864,2.606799818,2.508499773,2.597941834,2.687383896,2.776825958,2.776825958,2.776825958,7.7794091184408956,7.731427776633043,7.735725936004149,7.744588714762621,7.730023589614874,7.821208912094932,7.929505941052329,7.960790109858589,8.013901910075079,7.991096052742056,8.044345291625275,8.084647036808928,8.101312963050042,8.120797544527298,8.127623872074798,8.15043009763345,8.1980578670658,8.20326554206899,8.202527079279113,8.210108552401309,8.202945218385254,7.9909847443744635,7.987021118808852,8.004367903988195,7.856656423650782,7.414213242591937,7.2347320726658415,7.095944991091328,7.064975868382746,7.060554251378673,7.049268445329967,7.014062036911505,7.008291266798974
47.926,47.097,46.512,46.209,45.854,45.553,45.233,44.945,44.701,44.659,45.231,46.019,46.979,48.284,49.487,50.659,51.795,52.739,53.945,55.3,56.799,57.771,58.867,59.878,60.699,61.208,61.794,62.12,62.342,62.793,62.38,61.223,61.803,7.79542017,7.854483475,7.91354678,7.972610085,8.03167339,8.090736695,8.1498,8.252778915,8.355757831,8.458736746,8.561715662,8.664694577,8.767673492,9.211090851,9.654508209,10.09792557,10.54134293,10.98476028,10.98731341,10.98986653,10.99241965,10.99497277,10.9975259,11.00007902,11.00263214,11.00518704,11.00774254,11.01029862,11.01285531,11.01541258,11.01797045,11.01797045,11.01797045,4.481160164,4.572166937,4.66317371,4.754180482,4.845187255,4.936194028,5.027200801,5.118207574,5.209214347,5.30022112,5.391227892,5.482234665,5.573241438,5.664248211,5.755254984,5.846261757,5.93726853,6.028275302,6.119282075,6.210288848,6.301295621,6.392302394,6.483309167,6.57431594,6.665322712,6.756329485,6.847336258,6.938343031,7.029349804,7.157121491,7.284893177,7.284893177,7.284893177,7.653199478454594,7.5769085645417125,7.551452082254924,7.616434533443037,7.516215714500703,7.521465275252253,7.563718437484704,7.574439513573394,7.5397442251923,7.574669045852123,7.590256609031184,7.615305278687892,7.633385210545928,7.676566284193646,7.676127027213796,7.700241118661954,7.7245243116408755,7.749092066137896,7.823337183697668,7.929593701875717,7.949180851292138,7.94597067960884,8.09266302882218,8.107979284935848,8.06870355812197,8.109589202231902,8.058153717464606,8.084864299071931,8.109317587596239,8.092606710321471,8.021602826787454,8.038713310594039,8.05749107729185
59.426,58.091,56.435,54.426,52.588,50.531,48.955,47.993,46.819,45.206,44.686,41.957,44.565,43.393,44.502,44.768,45.364,45.61,46.723,48.063,50.652,53.347,55.626,57.458,58.846,59.591,60.306,60.709,61.414,61.292,61.124,59.253,59.391,9.529560089,9.931150436,9.542510033,9.644214358,9.745918683,9.847623008,9.949327333,10.05103166,10.15273598,10.25444031,10.41816044,10.91864014,10.52871037,10.28876972,10.3613898,10.43400987,10.50662994,10.57925002,10.65187009,10.72449017,10.79711024,10.86973031,10.94235039,10.80508041,10.83630927,10.86762838,10.89903801,10.93053842,10.96212987,10.99381263,11.02558696,11.02558696,11.02558696,5.021989402,5.167224575,5.316659927,5.470416927,5.624173927,5.777930927,5.931687927,6.085444927,6.239201927,6.392958927,6.546715927,6.700472927,6.8542299270000004,6.955746937,7.057263947,7.158780956,7.260297966,7.361814976,7.463331985,7.564848995,7.666366005,7.767883015,7.869400024,7.990934849,8.112469673,8.38904953,8.42536974,8.461689949,8.574574947,8.687459946,8.807762621,8.807762621,8.807762621,7.374259173168093,7.402091530419719,7.2959181062011655,7.305770334907086,7.350998652081926,7.334126173656339,7.4260362176955255,7.411186364413045,7.383158407161357,7.353513255407974,7.263894794804815,7.285308668082138,7.22218776043017,7.130289182899131,7.08112622749208,7.032462010443321,6.9880657969451425,6.958884281174464,6.7978836473012905,7.220226387668063,7.414230346788709,7.50970831971108,7.639620053363594,7.6614495960036635,7.638213939249318,7.620778734616394,7.603757155517467,7.634218009468939,7.756417555130672,7.676210219020202,7.568124067403761,7.626408462704049,7.639602875344939
